drug_dosage_mg,recovery_days
50.53,12.94
27.2,17.43
7.58,27.69
47.51,13.89
85.09,17.72
24.75,18.74
27.84,14.87
99.95,29.86
56.08,10.52
24.98,18.56
54.91,12.17
81.13,18.85
37.93,16.26
47.27,16.65
33.57,13.1
61.64,12.91
16.72,25.17
84.23,17.46
77.92,16.52
40.3,15.66
50.93,14.11
45.14,12.93
29.89,17.27
64.98,10.92
12.95,24.12
88.75,26.78
48.02,11.86
66.9,13.12
80.09,16.76
61.94,15.13
41.12,13.66
50.5,12.13
17.13,20.9
61.5,12.55
14.2,25.23
40.5,11.63
63.45,11.86
22.14,21.07
62.36,15.49
67.21,11.2
17.58,26.15
6.99,31.87
61.03,13.31
88.15,21.45
68.64,15.13
23.68,15.39
49.73,11.8
23.02,18.49
86.84,21.85
60.42,15.88
10.04,27.56
40.34,11.79
81.2,16.16
13.83,20.04
14.31,24.93
59.47,10.23
21.05,21.42
64.8,14.19
51.5,14.15
28.51,21.13
76.92,17.41
84.5,20.14
13.44,26.86
14.2,26.68
80.2,20.08
24.43,19.63
95.4,27.83
69.69,13.09
76.23,17.88
36.59,14.88
12.84,26.75
54.37,9.74
17.15,23.42
89.43,22.51
95.5,28.42
23.14,21.14
80.86,18.74
10.4,26.11
45.64,11.29
43.52,13.85
42.61,13.79
81.86,18.87
59.35,13.52
24.05,21.51
80.93,14.22
19.42,23.28
84.54,22.93
95.95,25.37
54.57,13.43
27.0,17.43
33.93,16.25
5.85,29.51
90.08,25.88
81.99,18.67
6.6,33.63
60.34,9.93
43.52,13.19
84.26,18.57
27.15,15.58
46.77,13.63
19.7,25.96
50.01,13.02
78.98,17.83
80.97,19.42
78.45,17.92
27.93,18.32
78.17,17.44
41.08,15.3
30.99,16.54
19.58,21.49
82.66,24.34
42.16,12.75
34.22,18.03
6.18,29.86
11.43,27.2
84.29,20.99
78.15,16.49
61.08,14.67
94.93,26.6
23.51,19.97
52.28,10.22
97.43,33.5
35.48,14.96
34.78,13.61
54.35,14.06
14.51,24.57
86.58,22.16
7.61,29.41
75.0,13.39
41.13,14.5
93.96,26.27
15.24,21.82
84.15,20.89
66.69,13.94
49.4,12.1
10.45,25.71
31.05,18.05
5.75,28.94
50.51,12.54
71.96,15.16
42.31,16.12
51.66,13.52
96.71,26.9
86.48,25.3
21.84,24.34
69.19,18.24
96.98,26.12
31.09,17.38
89.25,19.12
29.8,16.24
35.47,17.18
71.8,14.45
88.05,21.45
76.94,15.81
38.09,14.18
10.15,23.6
71.59,14.02
41.4,17.71
17.39,26.93
17.39,23.68
14.36,24.15
38.03,13.77
63.94,15.37
23.72,20.39
67.16,12.7
38.31,12.07
51.49,11.99
94.75,27.72
33.85,12.33
15.7,21.92
15.28,25.34
99.82,30.17
45.5,11.53
41.62,12.44
39.57,14.87
48.91,13.56
50.39,9.93
38.5,16.14
18.78,23.29
71.98,15.28
99.65,26.87
39.29,9.51
81.34,18.71
5.63,31.72
87.1,22.19
71.06,16.87
33.78,15.99
86.92,21.17
63.59,14.48
9.83,29.4
33.22,13.73
8.84,30.49
42.35,13.98
22.34,19.61
70.16,17.15
10.71,26.31
70.23,15.87
56.56,15.98
33.65,16.12
32.33,14.26
13.53,26.52
53.35,10.56
79.03,20.65
44.8,13.21
31.14,18.26
50.73,10.84
68.39,13.68
87.11,24.49
47.11,15.91
57.6,10.23
10.33,26.18
47.93,11.48
92.0,21.22
53.07,11.74
37.84,15.15
31.49,16.13
18.17,23.68
65.73,15.88
11.7,28.34
49.49,14.36
80.79,19.25
80.99,16.36
76.72,14.75
28.28,18.05
19.93,19.18
56.78,14.09
64.06,12.93
93.38,25.03
27.64,13.09
29.43,19.14
53.33,13.72
78.98,16.01
44.02,13.29
50.02,13.75
91.9,19.96
32.91,14.11
52.78,14.71
85.77,18.88
49.33,11.17
76.74,21.07
75.85,14.55
76.3,18.96
85.78,20.46
45.41,9.46
52.36,10.97
72.83,15.41
32.1,16.07
33.3,16.2
15.36,21.02
41.93,13.37
75.92,19.34
21.68,18.25
77.14,14.81
10.8,29.95
99.2,30.04
21.75,17.25
93.55,23.58
32.67,14.2
14.16,25.41
32.45,17.08
23.8,20.89
81.17,20.9
41.52,14.78
25.27,19.21
32.26,17.48
36.61,12.55
82.35,22.55
26.01,18.2
68.56,14.46
73.57,17.07
29.01,14.21
80.25,17.15
92.38,24.96
67.76,13.1
30.69,14.92
92.94,24.67
41.37,15.11
43.76,16.83
57.95,14.08
20.67,23.32
67.36,15.81
26.99,21.31
83.41,21.79
44.86,7.35
23.37,21.23
85.43,20.82
92.67,26.15
31.8,16.88
13.4,24.1
12.11,28.28
48.79,14.27
34.45,15.16
52.08,11.15
90.22,21.5
80.81,19.53
22.95,23.13
17.28,20.72
10.65,26.92
16.47,23.9
17.76,23.72
66.81,16.34
36.53,16.49
65.27,11.76
47.23,11.32
20.69,23.97
18.28,22.36
63.79,11.37
86.69,22.22
25.44,19.81
45.92,15.65
85.43,22.28
41.67,14.61
22.06,19.83
11.35,24.94
29.72,14.74
13.88,26.36
92.42,24.8
12.52,23.45
77.44,16.61
58.43,13.13
39.39,14.41
30.47,13.81
10.23,30.67
25.43,15.92
47.65,15.07
99.58,27.05
79.16,17.43
14.61,26.7
86.1,22.73
31.06,17.18
47.95,12.64
18.67,21.28
22.17,21.12
79.21,21.14
23.61,18.5
60.63,7.81
66.83,15.84
83.25,22.53
61.27,12.07
67.82,13.27
5.14,33.67
69.37,16.18
41.71,12.04
23.98,16.11
20.68,19.41
70.39,13.78
71.39,11.1
78.15,16.46
83.3,16.15
8.25,27.52
40.74,18.23
58.03,10.29
49.63,13.14
32.67,12.62
52.19,14.75
49.24,11.74
51.41,16.83
75.16,16.0
13.98,26.58
7.39,29.98
32.07,11.08
54.94,13.5
36.09,17.33
72.54,13.5
10.15,29.19
69.64,17.72
58.39,10.24
15.11,22.87
30.38,19.35
69.79,18.06
90.5,24.96
87.86,24.86
17.03,24.38
53.7,10.88
64.59,10.31
49.12,15.72
10.43,25.53
62.16,11.67
81.18,16.98
42.0,11.9
74.97,17.87
63.29,13.75
89.25,24.52
59.55,11.67
37.41,14.11
71.79,12.46
41.06,10.04
8.39,26.35
18.02,19.93
89.18,18.01
58.55,12.16
38.44,14.2
32.49,13.14
36.11,12.17
53.0,13.22
7.84,28.35
71.2,12.82
99.01,28.62
7.14,27.85
25.1,18.32
53.78,9.42
79.01,16.78
61.65,14.56
69.44,12.36
69.9,20.47
90.02,23.77
69.99,11.09
15.86,21.6
30.1,15.84
74.27,16.52
44.16,10.04
60.69,13.98
96.23,26.22
10.24,29.62
94.71,26.39
62.3,11.2
22.47,17.26
85.63,20.65
51.33,14.15
27.69,18.52
97.15,29.38
66.26,13.72
60.43,12.7
29.62,16.64
11.86,26.94
89.72,23.32
56.69,11.17
15.17,23.6
99.51,29.19
31.45,17.01
86.07,20.0
81.9,22.44
58.6,15.73
73.76,18.22
94.32,28.09
16.26,22.18
25.09,17.88
73.84,13.8
28.77,15.79
18.02,23.45
64.83,13.63
24.86,17.12
81.56,20.35
57.08,13.58
25.53,18.24
61.36,13.86
26.9,19.08
55.81,9.68
70.72,13.54
74.27,15.93
28.43,17.33
94.93,25.78
25.95,22.8
50.72,12.32
58.65,10.77
67.63,17.14
88.0,22.61
17.4,19.46
37.97,15.42
34.7,14.08
60.24,12.18
36.03,17.72
37.82,13.45
93.03,24.24
55.08,11.75
32.29,18.45
34.72,15.37
39.62,13.4
37.07,16.7
11.91,27.16
5.67,31.12
56.45,13.45
60.82,10.92
65.59,17.45
62.07,16.69
54.06,11.41
65.03,14.95
53.06,14.21
25.94,15.11
41.1,11.49
18.3,26.93
45.47,13.03
10.59,26.44
36.86,11.36
16.14,22.82
18.85,21.48
40.22,14.69
91.58,26.47
19.95,21.01
15.83,22.37
74.68,14.77
63.68,14.38
63.46,11.2
38.16,14.76
9.89,30.65
55.56,11.24
58.04,10.41
72.35,15.26
59.81,10.17
19.74,21.84
58.85,11.44
45.63,15.44
44.11,14.68
62.87,10.48
11.56,26.39
57.62,13.24
54.67,12.04
55.05,11.47
74.46,14.36
54.83,13.88
40.91,12.6
37.25,11.72
79.07,16.41
12.01,23.69
40.94,9.92
47.43,14.25
92.12,23.85
9.54,25.15
34.4,13.28
73.82,13.52
74.52,13.63
38.69,15.72
81.45,22.48
21.18,18.89
76.23,18.88
62.95,14.65
37.87,16.79
23.06,19.1
20.4,22.08
20.38,20.17
26.26,19.14
12.18,25.45
67.45,12.94
16.2,23.25
80.05,19.18
36.25,16.93
62.98,17.39
32.48,18.33
59.55,12.27
31.01,15.97
41.81,10.64
58.19,10.2
27.9,17.06
44.21,14.29
10.17,27.1
76.61,15.97
62.66,10.84
83.58,16.93
66.64,17.3
85.66,16.88
73.55,14.24
90.48,22.0
41.78,8.78
28.75,19.06
72.72,13.91
65.7,14.1
74.58,16.34
20.64,22.33
35.46,15.11
61.23,13.39
34.05,14.85
32.66,16.09
61.17,15.27
70.55,11.34
50.68,12.19
11.05,26.1
82.58,17.4
64.03,11.84
28.78,18.66
93.8,24.15
9.48,25.2
7.57,32.33
24.25,15.55
12.13,27.22
62.87,14.45
53.05,12.21
89.54,20.47
40.62,13.07
14.33,23.68
40.87,17.43
86.88,20.01
19.84,21.23
98.99,30.42
62.55,14.4
59.57,11.07
96.69,30.48
49.48,12.9
71.2,13.44
33.06,18.07
83.62,22.65
95.29,28.37
75.57,20.74
48.93,13.6
15.0,25.15
10.53,25.84
43.31,14.05
31.04,19.52
66.59,11.91
14.61,25.55
7.92,29.47
60.77,12.49
68.74,15.3
10.99,25.95
55.99,13.74
25.05,20.54
21.07,20.31
26.16,21.55
91.86,23.04
21.1,21.57
76.91,15.18
15.98,22.83
58.76,14.28
76.06,14.48
43.59,16.78
83.67,17.81
27.18,15.68
41.79,10.85
58.71,12.22
88.17,20.91
53.68,15.85
53.58,14.83
71.22,11.11
78.6,18.66
89.03,23.35
6.71,30.9
75.68,17.39
93.37,27.14
95.63,27.88
83.96,20.14
33.24,18.18
11.97,28.14
85.27,18.95
33.85,15.87
50.56,13.12
5.97,31.13
25.15,16.76
51.05,11.48
89.6,20.83
60.59,11.92
84.54,21.73
42.82,13.4
84.78,18.21
56.27,14.82
39.75,16.09
89.2,21.86
11.33,24.72
53.9,13.11
35.86,18.12
18.33,20.2
74.19,16.29
40.47,14.22
76.43,17.16
78.03,15.57
41.51,17.56
85.33,18.48
67.89,17.12
97.12,28.12
94.97,26.18
40.42,11.99
44.52,10.23
72.54,14.42
99.59,34.48
90.85,26.21
69.91,15.28
94.34,24.61
14.45,24.67
90.13,23.18
65.65,12.78
54.99,16.16
81.68,19.58
83.89,21.21
96.94,29.0
98.68,27.64
93.99,24.76
28.07,18.75
66.41,9.14
62.26,15.32
87.8,22.52
17.55,25.26
21.19,19.4
40.71,12.82
66.01,11.99
80.18,18.0
17.92,21.4
45.57,16.32
21.68,19.77
5.51,32.27
29.94,19.78
56.62,11.79
36.29,15.79
99.4,28.99
96.45,28.17
67.83,14.11
55.94,12.49
50.43,10.05
21.94,21.2
78.07,13.94
48.97,10.33
99.12,27.52
64.76,13.23
84.93,22.36
31.76,17.46
56.66,12.08
42.04,13.18
28.45,14.6
23.21,20.3
42.29,13.21
88.09,22.78
14.0,27.2
28.13,17.66
90.7,18.48
66.03,15.47
10.89,26.94
46.79,15.09
51.96,9.6
14.45,23.87
86.23,21.57
57.06,13.63
35.16,17.29
55.96,7.45
18.5,24.72
9.29,27.79
91.78,27.54
17.96,24.11
48.95,11.49
53.31,14.43
95.9,25.01
59.02,12.81
78.19,16.64
94.52,27.11
38.19,12.76
6.31,29.86
7.6,27.63
44.35,12.87
83.65,22.44
62.96,13.88
13.18,28.69
86.16,22.53
84.16,17.3
96.94,29.08
8.04,29.35
37.02,13.44
24.67,19.22
30.38,13.78
65.11,11.88
48.25,13.54
6.69,29.2
78.17,18.24
24.61,21.93
11.71,26.0
86.68,21.37
29.35,15.83
71.24,16.49
87.53,17.42
90.36,20.12
15.56,23.0
85.97,22.73
31.98,15.26
95.99,25.81
11.96,24.67
17.28,22.73
90.97,27.0
34.13,15.01
91.9,24.96
69.31,12.21
71.16,15.91
80.06,14.6
43.06,14.0
67.24,13.08
65.61,14.28
93.09,26.41
98.27,25.06
43.8,15.83
49.64,12.05
64.58,10.64
84.73,21.7
40.53,10.76
44.24,14.9
31.72,16.05
49.45,12.27
85.63,22.56
58.01,15.41
67.08,10.28
97.7,32.58
94.98,23.69
83.62,17.26
27.74,14.43
34.62,12.73
93.25,24.51
9.34,26.93
93.04,24.07
63.9,11.53
34.5,15.83
15.97,25.23
83.28,20.75
92.06,25.27
9.99,27.12
40.48,15.22
20.45,23.93
56.89,9.71
90.29,22.88
13.16,24.23
82.98,19.76
82.74,16.66
93.51,25.44
23.83,17.73
15.71,25.5
85.14,21.85
42.11,10.26
53.14,10.33
14.35,30.19
53.76,12.27
95.96,26.1
67.67,12.98
65.21,16.43
39.76,15.97
83.03,19.27
65.5,15.98
78.93,15.42
81.91,19.39
17.14,19.93
65.19,15.81
89.18,23.68
74.2,11.25
80.61,18.84
45.14,14.68
89.57,24.89
5.09,30.93
53.82,13.72
88.39,26.96
86.38,22.18
33.77,16.9
12.13,25.87
17.74,25.88
57.23,12.99
59.52,7.8
36.65,14.7
31.59,18.6
83.49,20.58
35.98,13.44
6.68,29.69
96.62,26.65
33.79,15.55
79.14,14.84
13.76,25.25
62.82,15.1
56.44,13.06
16.29,19.38
37.12,11.3
8.81,26.84
48.85,13.97
55.92,11.13
53.85,11.04
98.9,31.1
82.5,17.98
66.78,12.59
98.98,29.35
17.75,21.23
49.38,15.69
83.69,21.09
30.65,16.58
81.33,13.2
12.75,28.41
48.35,17.1
69.22,13.71
92.52,24.33
71.26,16.11
21.67,22.28
73.36,15.38
86.51,22.26
71.78,15.07
40.77,13.28
81.45,17.25
13.71,24.76
90.52,21.11
81.66,18.97
27.15,15.18
93.06,27.95
63.48,14.02
62.53,12.11
6.31,31.31
35.86,14.28
65.64,12.53
95.29,28.4
57.22,12.54
25.83,17.93
70.91,15.27
48.94,12.96
72.53,14.39
43.25,13.49
55.2,9.58
40.93,14.83
51.69,15.53
16.86,24.28
15.57,26.54
60.13,8.82
35.53,18.74
16.42,21.3
74.11,17.56
25.18,19.97
65.65,10.37
99.73,29.12
42.35,14.71
9.95,25.03
48.37,14.24
15.58,24.63
89.76,23.49
44.45,16.39
44.98,14.6
72.11,18.48
79.21,14.38
91.92,29.25
20.38,24.17
86.1,17.49
91.76,29.72
41.81,13.25
46.56,14.28
96.69,27.24
92.74,29.1
93.72,24.22
48.55,10.62
24.66,20.23
54.08,13.69
69.95,13.98
97.96,27.09
35.51,15.82
97.47,25.63
35.94,14.84
24.61,20.73
60.72,15.03
25.3,21.25
99.69,29.39
40.0,16.15
49.52,10.39
78.54,20.04
13.23,26.32
74.98,17.7
82.9,17.99
71.38,15.99
64.02,12.77
84.4,21.93
74.05,16.84
44.88,13.23
22.98,21.66
40.37,15.64
90.23,22.76
68.42,13.64
30.54,15.82
50.89,14.41
19.2,21.49
92.01,22.53
8.57,29.4
45.04,14.77
76.54,15.82
19.77,22.55
52.51,14.1
50.61,12.77
64.84,10.79
42.67,15.97
41.12,15.16
84.82,16.88
42.39,11.42
16.57,24.66
48.76,12.43
81.04,22.03
10.16,25.89
97.43,28.4
29.2,16.72
64.93,11.18
38.41,11.37
17.11,21.24
92.45,22.18
33.42,18.1
25.25,17.52
17.48,20.22
90.35,24.49
27.13,18.59
11.98,28.52
21.52,21.39
26.35,16.18
7.38,29.15
39.46,14.18
81.1,19.38
40.87,17.65
25.29,18.56
63.18,17.27
17.02,21.67
92.73,24.98
96.38,25.54
65.78,13.11
46.11,12.34
56.22,15.6
10.58,25.95
90.22,24.45
30.9,11.94
93.5,26.15
56.26,8.29
22.33,17.89
60.83,15.78
96.22,25.73
33.07,18.11
91.12,23.19
84.56,22.14
24.7,17.13
37.39,12.69
53.71,13.43
12.66,24.99
94.66,22.01
86.32,21.78
34.23,14.97
85.95,23.6
10.41,28.47
57.04,13.53
5.54,28.75
61.33,11.53
17.18,22.65
65.16,16.31
82.11,17.96
67.94,14.01
35.27,14.53
76.12,17.96
26.35,22.63
69.07,21.09
82.52,18.26
37.7,13.36
43.3,10.86
23.31,18.57
45.12,15.69
54.37,14.11
52.67,10.32
81.88,17.12
46.45,13.75
34.58,13.86
60.66,11.11
28.82,16.78
55.94,10.79
98.52,28.13
33.08,14.81
35.29,14.44
71.82,15.12
39.52,13.59
8.96,26.88
95.55,24.81
66.78,14.48
18.62,20.5
11.03,28.73
9.0,31.52
60.94,12.67
84.43,20.68
92.59,25.59
17.54,23.66
19.45,23.58
37.6,13.07
25.05,21.09
30.19,14.52
9.76,25.18
54.89,8.63
33.04,16.64
94.28,27.11
93.3,26.65
36.64,18.53
36.33,18.51
76.51,16.82
21.71,19.25
81.45,20.29
40.71,15.99
99.37,28.56
23.4,20.75
51.85,9.88
32.84,17.24
97.86,24.1
89.54,21.29
94.35,25.63
9.2,28.94
5.0,27.27
99.97,30.65
7.15,29.01
87.41,24.66
72.66,19.97
14.12,25.01
22.86,19.65
30.04,14.8
52.33,9.61
62.91,12.67
42.85,10.62
36.16,14.03
24.48,17.39
38.31,16.34
17.21,22.73
64.48,12.53
89.91,23.26
83.98,20.78
44.28,11.88
74.99,15.73
34.13,14.52
95.6,28.9
19.81,21.02
21.7,24.06
59.1,16.7
16.03,22.84
26.91,17.8
11.03,25.76
10.72,27.44
7.54,30.78
17.62,23.71
15.81,23.6
28.49,19.66
75.5,14.67
22.93,21.27
67.55,17.17
10.78,26.65
82.56,17.54
89.69,19.63
48.28,11.85
60.82,11.62
43.35,14.41
66.73,13.63
48.33,14.12
67.85,14.33
92.63,26.49
44.91,12.52
47.12,10.77
47.85,12.05
88.73,23.12
9.53,28.37
30.17,18.07
56.64,10.35
76.36,20.57
14.35,24.55
36.59,14.77
63.81,12.76
74.36,14.12
43.98,17.29
7.58,28.69
96.48,24.37
81.93,18.28
37.24,15.58
56.76,9.95
55.45,12.14
70.67,14.1
41.5,10.54
74.58,16.34
48.19,10.18
49.39,10.35
41.18,16.64
16.57,22.41
88.49,25.55
62.74,12.91
75.14,16.39
55.69,16.93
46.19,17.71
75.82,18.52
50.17,11.14
67.93,12.25
11.96,24.79
22.48,17.75
97.94,25.93
9.75,28.12
86.47,18.11
70.06,14.32
93.93,26.15
6.91,27.76
9.6,30.28
64.25,17.01
69.46,15.12
34.74,15.67
66.3,16.7
16.25,22.36
83.33,21.67
40.33,14.02
19.95,21.09
58.24,13.2
46.54,10.23
52.43,14.94
62.23,13.96
56.95,11.9
97.12,26.56
86.89,23.38
29.15,17.05
92.48,23.37
32.02,18.2
71.38,19.47
80.42,18.22
26.62,20.65
45.87,14.26
49.67,18.07
36.55,14.17
82.29,20.42
69.74,15.72
39.03,11.36
93.35,26.05
12.42,26.83
97.68,31.8
23.39,22.53
84.73,21.12
50.6,11.42
14.97,20.86
75.27,15.47
49.42,12.99
54.67,11.36
52.09,9.79
84.09,21.75
39.05,13.28
76.57,12.94
42.16,13.21
12.33,26.58
71.18,16.52
97.57,25.49
59.92,10.34
66.4,12.52
21.93,20.12
34.22,15.08
64.56,14.19
68.64,15.68
35.9,14.59
9.85,27.67
46.46,12.72
56.5,10.17
29.22,16.72
70.14,12.07
86.75,20.3
61.28,15.28
59.84,15.07
43.02,14.2
47.01,14.83
64.6,8.66
47.06,12.29
6.78,27.93
77.03,17.34
70.91,13.94
96.95,27.19
46.43,12.11
92.61,26.89
39.58,15.76
60.42,18.26
23.42,18.49
62.46,14.78
72.82,15.58
37.46,16.94
83.01,19.69
71.03,17.58
14.57,27.05
96.1,26.5
86.59,19.22
29.89,14.34
41.93,12.95
61.01,6.12
88.0,22.83
74.58,15.22
20.39,24.43
49.82,12.65
74.84,17.52
82.83,20.91
45.88,12.9
52.64,13.84
31.4,16.35
86.03,20.11
5.31,31.61
33.23,12.35
47.33,10.47
41.04,13.0
89.31,23.16
80.67,21.99
77.25,18.31
18.01,20.15
70.41,17.35
24.35,21.98
15.06,23.71
50.55,11.52
95.22,28.81
24.76,19.25
81.35,19.68
10.69,30.17
25.22,18.68
33.86,15.11
85.37,21.48
48.71,12.86
28.46,15.88
99.73,31.32
56.71,11.78
58.66,12.35
32.3,19.42
36.53,13.97
96.78,28.18
96.84,27.49
24.69,16.63
55.41,12.55
92.55,24.57
39.08,14.35
40.05,12.36
38.57,13.51
58.47,14.22
35.5,11.63
69.22,17.01
74.61,19.19
25.76,22.11
29.6,13.82
40.03,11.68
20.23,19.95
33.89,14.34
20.02,22.33
63.61,14.51
17.4,26.82
36.34,15.56
39.63,15.48
32.05,12.19
49.44,11.97
81.97,18.67
38.1,12.57
7.21,28.63
37.98,11.01
31.97,16.14
85.26,22.01
79.71,18.74
8.13,29.04
55.05,12.44
12.19,25.2
68.76,12.41
18.0,26.48
16.97,25.94
59.31,12.28
88.24,26.01
85.63,20.53
69.32,13.83
92.36,26.05
29.5,15.03
67.86,15.33
48.62,12.98
36.57,9.53
94.95,22.06
44.03,16.22
80.93,17.52
45.31,10.67
96.44,26.17
73.52,18.1
99.68,26.21
94.38,25.84
39.84,11.57
30.36,14.66
51.5,13.2
22.24,22.01
40.83,8.64
37.46,14.29
8.37,28.82
73.59,14.77
52.85,12.4
81.66,19.32
20.67,20.61
60.26,11.38
11.05,28.31
6.26,27.19
15.52,23.26
43.9,14.12
10.26,25.8
39.55,14.63
41.17,15.06
33.86,14.17
86.39,22.11
52.19,17.16
68.06,13.98
37.33,12.26
23.07,20.06
51.11,9.08
60.39,12.0
76.77,18.71
99.56,31.56
91.9,20.72
87.42,26.48
45.21,9.37
65.32,13.79
18.86,22.39
48.98,12.19
94.85,27.29
65.02,14.54
55.06,16.23
55.01,14.7
22.83,22.42
75.29,17.21
47.45,10.48
98.31,32.11
47.96,11.94
95.6,24.6
52.31,14.75
44.72,14.3
11.23,29.05
9.04,27.75
91.94,26.25
90.36,24.64
40.66,13.72
26.21,19.92
26.46,18.43
22.63,20.94
10.43,25.67
43.25,15.87
90.19,25.28
87.37,16.51
89.4,24.5
47.46,12.77
89.02,23.72
40.11,13.44
74.91,15.65
65.13,15.71
58.94,12.64
67.22,16.41
76.29,15.08
11.97,26.07
10.07,27.29
24.54,14.81
41.79,14.04
17.6,22.29
68.09,13.1
62.28,14.6
52.93,11.86
90.51,23.71
90.5,22.56
81.95,22.82
27.67,16.61
68.44,9.52
50.54,9.81
68.68,14.93
11.55,26.66
43.73,11.71
71.25,17.08
41.33,9.21
41.8,12.7
75.15,20.15
74.13,15.42
60.53,13.7
48.68,11.86
48.78,14.52
51.87,9.78
94.75,26.85
65.79,12.75
65.01,15.08
13.87,25.33
5.9,30.06
48.89,9.11
15.19,25.81
16.21,25.36
61.79,15.95
98.6,30.44
16.36,20.16
74.84,15.51
78.94,16.55
92.94,27.12
15.18,22.1
96.43,25.76
68.42,17.13
74.6,15.96
37.86,16.11
62.9,12.1
61.41,11.76
66.07,13.48
5.3,29.21
10.0,27.3
61.52,11.69
9.36,28.57
91.56,23.22
82.63,20.17
82.14,18.41
81.34,19.23
97.73,29.0
43.63,11.91
53.63,15.38
82.54,21.72
81.5,19.98
45.78,11.86
55.68,8.28
14.14,19.46
13.85,24.39
91.32,27.46
12.16,27.79
38.29,13.78
67.28,15.71
82.87,19.89
9.57,25.66
25.03,22.78
6.6,27.2
8.02,32.48
69.33,13.35
80.75,16.15
87.12,21.78
6.21,28.19
18.01,21.71
53.0,10.31
93.14,25.99
93.63,26.94
87.85,21.6
81.07,20.32
86.49,19.41
29.77,17.6
96.59,29.4
41.47,14.83
68.85,13.13
25.26,20.86
19.14,20.81
53.43,13.0
90.04,23.22
40.52,15.75
43.54,15.86
46.72,12.34
50.93,11.51
18.04,19.65
20.39,21.36
80.38,16.85
53.77,11.97
37.23,17.17
14.75,25.05
24.25,17.75
76.04,15.48
36.51,15.35
11.6,26.96
67.6,10.5
55.62,10.84
17.78,21.98
18.82,20.12
7.84,26.46
61.14,8.57
65.66,10.91
7.08,31.15
69.55,17.28
36.77,12.49
78.68,19.65
71.83,12.79
70.65,16.26
11.18,25.68
9.44,28.09
60.24,14.83
25.73,19.04
77.96,19.56
5.29,29.33
27.72,20.18
60.02,14.76
69.77,10.63
68.86,14.04
55.41,11.98
42.7,13.41
25.43,18.71
30.29,16.95
9.76,25.83
38.59,12.33
67.41,15.19
67.25,10.35
77.03,13.81
60.05,11.57
65.67,15.44
82.63,18.17
51.74,8.65
43.67,10.57
18.42,23.39
54.78,8.45
86.58,18.61
84.84,19.52
89.66,18.0
56.93,13.28
44.99,11.26
92.36,28.13
32.48,16.5
56.3,12.48
72.78,13.59
58.44,11.96
81.44,16.64
65.57,14.8
35.1,12.53
83.67,20.06
63.71,10.47
10.78,29.06
36.27,12.45
44.68,14.91
55.43,10.69
99.2,25.65
19.46,22.43
47.81,10.65
60.98,15.76
17.16,22.92
95.25,29.37
77.94,19.58
81.74,17.24
62.28,10.31
55.08,13.85
83.18,16.97
39.9,13.82
86.59,17.54
78.46,17.23
48.88,13.34
79.65,15.45
21.13,20.11
28.2,16.22
23.94,20.41
49.37,11.08
57.43,12.44
25.62,15.66
75.78,16.07
10.92,30.6
57.56,11.66
95.32,27.82
18.77,23.5
46.57,14.85
57.11,12.69
98.92,31.73
60.7,11.42
71.75,15.97
28.87,13.93
32.21,15.75
85.9,21.9
51.66,11.81
69.36,14.08
28.26,19.01
41.8,11.84
43.83,13.81
19.71,21.55
40.04,14.24
61.04,11.72
28.51,22.52
48.86,12.54
36.62,14.27
83.87,21.27
63.9,10.09
19.62,23.67
44.67,14.75
22.05,19.9
66.42,17.64
49.69,11.5
66.04,8.93
62.9,12.29
57.91,11.94
74.21,15.23
65.94,13.35
76.41,15.16
32.43,14.74
83.79,18.93
58.36,14.11
41.57,16.01
24.83,20.59
85.55,22.66
70.01,11.74
33.82,12.9
31.96,15.3
81.46,19.42
24.84,18.3
42.37,14.33
9.28,30.94
57.78,13.24
62.94,15.8
35.18,15.91
49.06,14.98
50.31,11.06
58.0,10.28
26.02,19.56
19.42,22.97
91.16,27.25
33.29,13.43
14.24,25.08
95.85,24.35
51.59,15.25
56.08,11.91
11.57,28.18
55.99,11.84
58.6,9.92
72.58,13.86
58.4,11.34
88.27,21.95
41.54,16.19
77.27,19.06
73.11,17.5
57.75,14.15
9.39,28.35
49.82,14.71
35.48,18.89
21.37,21.31
13.53,27.35
19.93,20.53
56.3,14.0
70.57,12.58
40.02,13.66
28.98,14.92
97.99,27.98
96.51,28.8
92.26,25.96
56.86,15.47
20.27,20.06
49.47,9.24
96.96,27.83
33.7,17.71
41.46,15.39
15.83,20.77
66.55,11.33
36.61,16.7
97.57,30.3
31.05,13.39
58.27,11.86
67.54,16.04
21.06,22.53
53.81,11.6
33.97,12.06
82.85,20.62
66.08,12.25
40.64,15.46
15.35,25.79
11.36,26.69
80.01,17.23
74.34,16.04
20.84,22.7
21.83,20.53
43.99,13.47
69.23,12.42
58.01,11.7
47.76,14.74
65.89,11.37
71.05,17.56
32.68,17.05
12.76,24.55
89.49,20.25
7.4,27.23
49.97,13.35
6.23,29.92
88.85,25.67
13.44,26.22
95.62,28.22
47.93,13.03
51.75,13.7
7.27,27.35
87.5,23.45
87.4,16.55
10.41,28.61
12.52,27.46
93.42,28.93
40.39,12.06
21.81,21.86
36.62,10.8
76.66,17.18
87.3,23.49
88.91,19.38
58.52,12.9
94.03,28.17
12.25,27.54
60.51,12.58
26.19,14.81
94.09,26.42
20.54,23.33
26.84,17.53
51.64,11.76
92.3,28.3
71.13,13.2
91.38,22.87
88.28,22.92
94.2,21.82
36.43,15.02
15.12,23.94
56.44,12.42
59.54,14.28
54.23,11.6
16.44,21.32
17.76,19.9
23.81,15.25
6.3,29.55
48.54,12.58
46.68,14.61
16.08,26.63
53.06,11.56
39.34,14.58
78.4,18.22
56.14,15.41
75.95,17.07
88.17,23.53
92.55,28.52
25.54,17.01
85.84,21.6
90.07,25.08
40.08,14.12
58.4,12.06
32.72,14.83
95.71,28.54
88.32,20.72
37.61,12.68
49.39,14.82
67.32,11.01
78.34,13.28
52.18,14.87
22.65,22.3
31.65,15.61
75.67,18.93
27.01,15.85
23.85,18.71
16.91,22.91
25.86,17.61
48.7,14.63
8.86,31.44
11.24,23.92
93.82,24.85
82.01,18.88
28.91,15.3
58.91,7.61
53.37,12.84
36.92,13.84
42.69,12.44
74.03,17.39
51.74,13.77
24.51,21.61
74.57,16.52
25.4,15.68
93.96,26.94
53.5,12.06
71.67,15.01
40.19,13.63
97.58,27.33
46.1,10.46
99.5,30.16
23.15,23.25
38.1,14.59
54.57,14.31
49.5,16.19
85.06,18.46
78.09,17.21
26.72,18.93
85.81,23.31
95.07,24.13
79.37,16.78
87.37,24.28
86.95,20.25
85.39,21.4
99.26,28.41
29.56,21.46
81.91,19.35
68.99,13.91
18.16,23.58
89.44,19.2
24.04,18.37
84.55,20.26
81.02,20.04
51.91,11.0
79.41,15.24
81.08,20.94
72.05,17.65
47.84,10.58
62.89,12.5
21.37,22.78
63.11,12.67
16.56,22.11
99.65,29.95
31.4,17.49
81.9,19.28
38.48,11.67
73.78,13.53
67.98,15.55
48.42,12.76
16.04,22.95
87.49,21.1
98.1,28.94
31.31,13.19
86.74,27.43
78.14,16.42
59.73,15.66
66.42,11.65
70.74,14.73
67.55,15.97
87.82,21.09
59.17,13.19
53.01,12.73
47.04,12.58
33.66,16.19
36.14,15.06
5.75,30.27
14.86,24.94
91.89,24.81
91.5,26.39
22.36,20.55
56.23,11.31
98.59,28.08
85.47,25.65
49.59,14.81
12.53,24.72
30.53,14.58
36.58,13.57
55.46,13.55
35.01,13.93
36.23,16.05
94.75,26.6
87.46,23.47
91.25,22.99
63.36,15.22
85.14,21.09
82.71,15.77
79.99,17.88
72.88,16.28
74.04,14.29
90.3,24.75
29.04,19.76
85.26,22.47
50.07,15.15
97.25,29.7
23.49,20.69
6.86,30.44
61.42,12.48
73.66,16.99
63.38,13.57
58.04,9.46
56.59,12.62
51.28,11.52
41.78,15.95
77.29,16.54
22.77,20.18
70.23,12.05
49.9,14.61
16.06,28.3
59.99,12.28
66.59,15.3
16.76,24.06
6.21,27.47
80.65,20.88
40.49,16.11
41.32,13.47
97.1,24.54
48.87,17.41
83.26,22.25
45.8,12.36
36.27,17.29
69.51,9.22
14.03,20.98
83.2,18.68
98.41,31.25
22.17,18.75
60.03,14.89
56.2,12.88
42.72,12.83
49.62,13.18
29.14,16.63
98.15,28.33
93.67,28.34
39.76,16.52
7.83,29.64
18.62,23.88
74.34,18.15
96.99,26.06
36.16,14.62
83.29,13.1
56.59,14.33
66.98,16.27
90.78,22.86
73.87,17.51
72.49,13.24
95.14,23.28
76.64,17.64
23.41,23.39
60.08,16.41
23.3,20.04
70.33,16.0
10.4,29.74
63.23,8.92
33.6,15.25
98.97,28.49
90.41,21.61
80.57,19.7
23.88,20.3
42.61,11.61
53.99,16.57
55.83,12.13
47.91,7.49
71.61,14.98
66.75,13.21
85.0,25.73
10.25,27.62
10.11,28.62
87.46,23.12
72.39,13.98
72.3,14.5
92.97,26.08
5.08,30.01
81.46,20.75
48.85,14.05
55.79,12.23
62.39,14.52
33.75,13.47
31.88,16.6
55.72,11.48
39.91,14.91
19.88,23.57
20.04,20.26
16.74,20.21
45.49,17.26
91.45,23.17
70.48,14.91
6.85,29.73
62.21,9.88
37.2,19.66
69.68,14.57
76.49,18.11
33.72,16.67
85.91,19.77
20.41,20.83
47.55,11.8
31.84,15.71
10.68,28.2
56.72,13.15
14.3,22.88
98.0,29.23
15.93,24.16
90.98,24.2
90.23,19.95
44.54,11.03
76.57,17.8
98.96,29.1
55.1,17.84
47.88,11.32
42.83,14.57
92.15,28.07
11.78,22.16
37.53,14.43
50.97,13.21
16.69,22.31
12.54,26.75
25.66,15.04
67.49,8.9
17.69,22.57
67.93,11.88
28.65,19.11
22.13,18.1
63.26,15.28
45.53,12.14
51.71,11.13
38.21,11.87
82.32,19.6
33.09,14.62
58.06,13.19
86.32,24.09
76.29,17.75
84.91,21.59
99.6,32.19
45.22,10.57
70.51,11.36
20.32,24.9
54.71,12.54
50.1,15.14
15.73,23.52
22.56,19.02
76.73,13.43
16.14,27.41
99.67,28.34
56.95,13.12
64.32,14.9
42.71,12.07
21.27,20.92
39.27,15.49
90.53,22.63
60.49,13.13
60.74,11.14
59.59,11.87
83.79,18.12
86.75,22.8
64.07,17.05
87.74,23.13
10.48,26.41
37.79,15.35
77.07,16.49
24.38,15.7
39.36,18.31
13.96,25.96
33.95,14.72
91.99,23.36
53.12,12.93
79.62,18.36
19.83,21.8
10.02,27.58
78.55,17.96
88.01,20.9
56.16,12.4
26.54,19.73
42.89,13.23
39.0,11.45
50.76,12.45
16.34,24.87
41.35,16.18
87.83,22.63
66.1,16.43
62.39,10.87
98.37,27.53
12.2,25.64
93.93,23.51
94.56,23.38
78.0,15.58
77.77,19.29
33.33,14.42
33.54,14.28
95.76,25.57
7.23,29.48
69.16,14.99
19.87,21.03
85.97,20.43
50.3,9.34
22.53,20.53
71.31,14.89
82.92,21.51
49.16,11.57
32.59,14.63
25.88,20.69
38.75,11.62
94.65,25.52
26.26,14.54
34.97,12.42
69.5,14.09
77.08,18.14
50.02,11.88
10.47,30.9
14.97,23.37
61.8,14.86
48.88,11.14
42.96,12.92
41.26,8.64
56.15,14.03
82.79,20.13
90.18,24.74
37.74,13.32
61.42,15.13
17.8,20.65
25.99,16.18
13.27,24.15
98.67,26.97
74.08,14.63
78.44,17.62
16.73,20.47
62.84,11.1
30.08,16.68
11.62,26.55
22.57,19.94
25.82,17.53
91.47,24.33
43.96,12.67
8.85,28.25
76.85,19.6
72.85,12.68
90.04,26.26
15.75,23.73
31.32,16.41
13.3,22.87
30.75,19.21
7.64,25.95
44.01,14.61
80.37,14.98
96.33,26.66
61.2,14.01
50.23,14.29
44.72,13.2
51.9,13.97
75.1,15.43
98.69,28.04
92.89,21.81
85.03,21.45
25.26,18.43
22.31,20.68
64.39,16.65
80.51,19.54
28.35,16.4
79.13,18.13
37.15,15.06
53.76,11.43
44.15,13.83
51.93,13.25
70.95,13.82
27.18,13.69
23.5,20.75
39.79,14.79
96.37,26.84
5.09,32.41
77.82,17.38
54.29,7.98
95.62,26.49
56.81,9.08
22.87,21.31
16.28,20.04
88.23,21.7
61.49,11.46
27.84,16.28
22.24,22.16
58.91,11.14
58.66,12.28
82.65,20.32
85.36,19.12
21.6,17.65
36.15,14.26
54.13,12.94
21.41,18.27
92.13,21.27
48.27,11.88
92.81,22.36
54.66,14.41
82.68,19.9
7.29,32.49
20.0,20.77
92.72,25.12
58.03,13.29
44.32,14.85
55.39,10.38
55.52,11.08
15.39,23.09
27.91,15.32
69.43,20.88
99.81,30.15
36.39,15.95
38.91,17.42
88.79,22.29
76.31,15.53
43.94,13.4
44.32,11.23
61.04,13.12
94.29,23.92
33.95,14.3
94.4,25.59
69.29,15.23
28.52,16.0
83.54,19.22
62.93,13.94
99.22,30.21
69.88,14.03
55.11,12.8
32.54,15.83
89.39,22.81
5.6,31.02
41.28,13.95
16.15,24.97
90.9,24.63
40.35,12.72
27.47,18.6
83.84,18.64
75.55,16.04
95.88,26.26
22.88,19.93
6.51,32.01
14.58,27.23
5.12,33.22
34.18,13.09
57.46,12.96
62.19,13.36
12.22,22.66
94.04,28.8
46.51,12.9
9.56,30.86
86.35,21.61
23.29,20.15
40.97,13.0
70.09,16.02
68.23,15.94
83.49,19.81
17.74,21.76
96.95,24.39
30.93,14.79
64.65,18.99
54.82,11.42
32.86,13.49
78.51,19.99
54.44,17.91
79.45,16.91
83.16,20.3
90.15,24.6
82.27,20.56
73.89,18.05
90.99,23.27
42.71,10.36
31.01,16.87
7.23,27.23
55.67,13.64
27.18,16.81
78.84,14.66
5.64,31.86
98.88,30.27
12.29,27.83
69.73,12.02
59.25,10.88
93.13,25.42
47.07,13.15
7.91,30.58
30.91,13.08
89.51,21.03
48.15,15.28
29.68,17.83
26.69,15.0
87.59,23.05
74.29,19.92
51.9,11.85
87.53,21.38
65.41,12.33
37.22,15.56
83.35,20.29
40.6,12.48
10.3,26.88
80.26,18.67
10.61,30.3
16.69,24.36
51.99,13.49
83.56,21.74
22.37,21.8
86.96,21.71
92.18,25.86
26.12,19.58
62.12,10.87
79.94,16.57
64.98,14.42
5.56,31.92
58.95,16.58
50.24,12.39
67.28,19.15
13.06,24.99
79.95,15.63
35.07,18.11
30.6,18.1
65.77,15.37
70.59,13.94
61.26,15.27
16.12,24.21
36.46,14.75
18.92,20.58
94.46,28.24
90.7,26.82
40.4,11.24
74.01,14.87
26.17,17.7
80.07,18.37
94.14,21.56
45.24,13.05
24.83,22.3
29.84,12.84
80.16,17.33
65.47,11.23
74.16,14.25
21.79,18.53
9.86,27.32
29.34,17.49
66.14,13.17
18.56,21.01
20.89,16.86
42.58,13.13
68.71,14.95
33.66,13.82
25.83,20.34
93.12,25.36
95.31,27.68
39.52,14.93
68.66,15.35
40.39,10.15
48.63,10.34
65.26,15.05
91.47,23.22
13.51,22.18
28.57,13.58
17.81,21.45
77.68,15.46
82.24,16.89
25.56,14.76
90.97,23.23
66.3,16.07
78.9,14.3
35.95,11.47
25.67,18.54
16.76,26.01
82.12,16.67
61.09,11.95
97.29,25.95
55.27,13.76
5.17,28.08
91.93,23.75
34.2,14.69
44.7,12.75
11.54,30.32
26.93,15.94
44.58,13.06
24.66,16.76
25.61,19.22
60.87,9.19
64.36,16.39
14.36,22.11
36.11,12.68
82.88,19.9
99.8,32.69
66.06,13.97
94.0,25.73
55.31,12.89
45.19,8.38
56.18,10.14
25.8,16.5
19.64,20.53
58.56,16.19
51.82,14.0
99.35,29.9
35.39,15.76
52.61,14.32
86.32,20.13
63.51,14.83
58.95,13.81
73.25,17.6
55.59,16.79
68.11,15.86
49.09,10.78
31.35,15.52
81.63,17.99
47.05,10.33
31.8,16.17
42.48,13.5
60.15,12.48
75.58,17.32
53.96,11.91
68.33,16.57
63.15,12.37
98.55,28.82
88.7,19.29
20.88,20.58
35.84,17.86
41.74,15.95
80.76,16.23
31.19,18.67
95.51,27.96
77.14,20.85
61.13,13.73
93.12,26.19
24.55,17.7
96.4,27.96
98.94,29.43
29.8,20.3
19.6,20.29
23.65,21.37
65.24,12.37
38.16,15.41
65.55,11.7
34.65,12.86
88.76,20.91
80.07,15.97
48.62,16.45
78.72,19.31
97.98,28.47
61.45,15.15
9.54,24.19
73.67,18.33
51.25,7.81
13.07,23.46
21.81,19.54
76.44,14.74
95.46,24.73
84.26,19.31
12.19,25.52
76.52,17.51
50.39,11.49
79.31,19.61
87.08,21.37
11.31,25.58
28.61,18.66
44.48,14.65
23.73,20.9
63.75,9.96
18.08,20.88
61.1,9.78
10.69,26.89
88.93,26.62
12.72,23.23
66.9,11.58
50.03,13.83
62.5,13.24
25.26,16.09
45.19,14.51
96.49,27.57
61.36,14.7
5.33,35.21
98.69,31.61
70.01,14.96
33.19,14.92
46.66,11.78
64.72,11.92
47.69,11.42
80.09,21.52
44.32,13.58
28.95,17.52
48.86,9.92
70.57,13.97
54.68,12.56
30.34,14.03
81.87,19.62
7.7,34.26
6.4,29.14
20.45,21.56
15.98,24.26
29.7,14.06
32.82,18.33
85.49,18.98
23.82,15.1
44.1,10.56
62.38,14.51
30.18,16.16
75.34,16.26
36.06,14.18
63.22,11.51
78.25,19.94
91.83,22.79
43.99,13.04
81.85,18.05
94.23,25.72
78.43,17.89
95.63,27.38
81.4,17.54
16.24,21.41
79.45,18.71
84.64,17.32
26.92,18.72
10.45,28.18
38.64,13.0
66.06,12.85
12.71,26.67
97.73,28.87
5.86,34.05
78.42,18.26
52.5,11.29
17.17,22.43
52.73,11.6
45.12,13.0
99.36,30.28
12.11,24.69
29.67,13.33
29.95,21.04
16.88,22.34
25.3,16.43
16.23,24.47
76.57,18.34
87.46,24.45
65.93,14.21
62.4,10.89
97.51,28.58
54.06,8.79
90.92,22.38
65.92,12.61
75.04,14.47
36.52,12.89
13.42,23.11
46.0,15.45
42.79,14.17
40.84,14.19
34.59,14.72
94.81,26.7
69.16,13.47
74.68,14.78
22.03,22.95
73.58,14.12
79.83,19.33
26.37,21.38
36.95,17.09
68.13,11.9
44.99,11.21
70.63,9.63
23.98,22.33
82.77,17.58
55.28,12.12
77.04,19.86
81.39,22.13
12.24,25.64
23.47,20.43
97.58,30.39
38.12,15.3
53.0,13.12
16.71,23.81
8.03,30.48
88.1,22.04
5.26,32.33
19.95,20.24
53.34,12.65
10.9,25.74
55.71,11.53
93.35,26.57
38.34,14.03
28.05,14.7
24.91,19.36
28.32,13.21
18.54,20.23
96.61,23.45
39.48,15.87
58.43,13.03
41.79,12.14
74.04,17.24
85.8,17.37
80.71,19.73
66.87,14.42
30.44,20.63
76.51,13.91
23.35,20.4
9.05,29.75
15.78,24.42
12.46,23.62
40.93,12.67
56.54,11.9
65.72,14.21
6.06,28.18
12.89,26.53
30.84,15.46
98.49,28.74
51.88,9.89
33.72,14.7
51.11,8.81
22.03,19.13
53.47,12.69
71.16,11.9
58.1,8.42
33.94,14.11
34.91,14.61
62.49,12.73
78.34,20.53
35.06,11.53
17.24,26.14
90.99,21.0
46.08,14.78
54.23,11.45
53.91,8.75
99.41,33.47
86.28,19.64
48.3,13.39
60.51,12.41
25.38,18.66
65.17,13.2
77.34,17.07
34.67,15.64
61.02,12.87
61.5,9.17
92.53,21.02
59.8,12.45
93.6,27.1
65.61,13.4
10.71,28.63
93.98,26.78
48.37,9.14
62.58,11.89
98.84,30.72
26.48,17.7
29.68,18.22
16.54,22.82
42.19,14.16
26.86,18.28
61.43,10.29
34.09,12.66
8.41,28.8
51.94,13.15
49.34,15.28
7.37,29.38
18.63,22.89
6.01,33.65
94.43,25.8
12.14,27.88
71.23,13.47
73.51,13.99
15.29,19.04
46.19,12.3
71.97,11.16
70.12,16.32
72.62,13.55
86.99,19.06
97.72,29.22
49.64,12.9
8.67,29.13
65.91,13.08
36.59,17.62
44.8,15.74
28.23,18.16
50.3,10.48
6.97,31.07
64.06,16.58
17.67,24.27
58.92,11.83
15.02,22.16
79.03,19.13
37.68,13.53
38.7,13.46
97.18,26.44
76.44,13.37
32.34,15.99
43.19,13.18
93.9,26.82
99.05,25.68
53.06,13.38
97.87,26.36
21.9,17.8
10.85,24.63
24.71,21.63
55.78,12.67
25.96,16.28
19.88,22.83
55.69,13.56
74.6,14.11
24.44,15.92
58.83,14.23
61.27,14.75
61.11,10.95
85.57,19.73
18.96,21.53
5.14,28.84
63.58,14.37
43.99,12.81
22.15,19.08
30.68,16.11
99.91,31.04
46.54,15.1
71.14,14.56
68.53,11.26
38.42,14.84
55.44,8.61
24.12,15.02
13.41,26.12
70.52,16.01
46.65,13.4
55.52,13.55
61.56,12.32
57.8,11.63
96.35,28.35
41.75,12.23
12.61,25.03
90.82,22.05
99.73,26.39
41.85,12.09
70.71,12.6
26.11,18.99
23.71,19.18
97.03,29.21
59.24,12.3
95.24,28.51
88.4,24.36
87.61,22.29
53.45,10.59
22.55,19.52
15.5,22.23
65.37,12.9
18.57,22.41
39.65,12.44
19.43,23.07
77.9,20.11
20.59,21.02
98.5,29.42
98.44,28.91
15.13,22.62
47.72,12.2
14.85,23.58
39.38,12.92
14.23,25.6
93.06,25.04
55.93,14.25
41.19,15.43
33.53,19.42
34.53,16.12
45.16,12.46
76.96,16.54
42.3,15.27
33.8,15.33
92.97,24.87
46.52,13.27
93.34,25.88
39.18,12.89
65.42,14.66
65.91,13.39
7.89,27.85
50.54,12.94
59.0,15.91
55.75,11.25
59.22,11.33
19.32,21.98
91.24,26.2
96.22,29.01
95.29,29.41
95.76,28.99
75.49,15.99
57.93,10.15
70.28,16.84
73.56,19.68
68.66,13.15
83.44,22.23
38.3,15.06
86.0,23.14
82.3,17.25
25.5,19.37
85.41,18.94
5.07,25.4
93.69,26.62
30.84,17.18
74.29,13.45
19.46,22.3
82.1,23.03
14.53,28.73
38.29,15.57
90.74,20.33
28.28,16.22
31.49,16.0
80.95,15.55
32.22,15.98
21.78,21.12
12.97,23.56
81.61,18.76
77.75,16.81
29.03,15.06
33.83,14.88
68.94,15.28
24.16,21.75
46.11,14.09
11.78,22.06
89.47,23.45
91.47,23.59
59.39,13.54
11.6,28.49
6.4,32.92
46.1,9.39
25.02,17.51
55.78,15.82
39.91,13.12
67.54,13.97
66.87,13.16
49.81,12.48
66.1,13.24
95.7,26.11
76.25,16.2
6.8,30.99
93.32,24.51
73.86,11.09
73.84,14.41
62.6,15.07
21.45,17.82
75.16,19.34
12.73,24.47
47.45,12.36
30.22,19.63
17.22,24.69
62.83,14.73
35.99,16.88
14.26,26.94
61.24,11.8
52.53,12.73
46.44,9.27
80.37,17.46
44.9,17.92
51.8,16.17
60.39,10.57
75.52,16.03
58.66,13.52
97.87,30.86
34.18,14.94
27.43,16.74
92.23,23.95
54.65,9.67
87.89,20.75
41.93,15.61
88.87,20.19
56.53,11.98
32.41,14.43
78.73,16.41
68.77,14.1
26.07,18.45
98.51,27.25
59.84,12.85
65.77,11.27
61.43,12.39
92.33,26.07
96.12,27.89
22.22,20.3
51.46,9.42
23.32,15.52
28.74,16.81
57.49,12.88
40.99,15.98
76.28,17.18
95.92,24.97
26.83,17.24
28.22,18.82
86.53,22.06
90.83,19.74
16.18,25.64
79.9,16.65
67.48,18.16
90.33,23.42
68.95,17.81
43.64,7.22
89.95,23.52
25.88,19.66
97.3,30.21
89.26,20.83
65.21,11.5
5.09,33.02
82.47,20.05
67.47,13.93
93.72,27.79
77.76,17.36
47.34,8.15
86.9,21.64
69.65,14.0
48.8,9.21
38.66,12.35
45.0,11.62
24.36,18.48
70.51,13.92
67.21,16.68
30.7,15.26
63.13,17.43
12.33,29.38
69.27,15.78
85.28,20.18
87.67,22.95
75.53,14.73
77.56,16.29
94.32,28.86
97.93,28.28
18.08,22.47
93.22,22.87
75.01,19.77
30.53,18.46
93.27,26.15
44.37,14.29
6.99,26.83
19.02,19.69
36.46,13.45
76.54,15.26
38.95,14.43
91.54,25.91
39.74,12.44
58.18,13.25
38.28,15.7
91.08,27.61
15.08,24.73
47.14,10.09
70.16,15.67
5.58,32.34
30.05,14.38
86.65,22.95
64.54,13.97
44.59,9.44
15.56,29.26
39.69,13.02
86.87,21.11
70.16,12.84
90.87,23.15
47.11,11.16
96.84,26.4
76.06,15.12
35.66,15.02
16.19,23.36
6.4,31.17
52.07,14.07
85.49,22.23
68.56,15.81
25.65,20.98
6.74,28.55
20.99,20.78
30.39,18.39
10.28,28.12
27.8,19.0
98.81,30.83
23.26,20.36
95.82,27.54
74.51,16.34
6.69,31.5
25.46,19.81
12.58,25.28
52.03,13.67
11.59,23.48
30.97,16.39
38.94,10.34
62.95,17.13
33.51,14.26
21.52,17.09
10.71,25.87
51.92,12.47
82.67,22.79
83.04,18.8
29.53,13.42
30.9,17.32
8.21,32.17
86.32,20.8
93.28,24.96
81.43,20.31
70.56,10.01
34.1,13.95
85.44,20.82
80.13,16.4
53.58,7.44
65.77,11.43
23.93,21.75
46.66,13.69
52.2,13.64
93.41,24.58
64.01,16.41
52.56,12.38
16.82,24.92
79.63,18.08
97.05,23.79
47.8,10.26
12.92,25.6
97.35,30.48
85.61,23.51
55.54,13.03
33.31,18.24
87.21,21.22
51.39,14.51
97.2,24.97
48.82,14.76
60.37,13.07
29.93,21.51
44.01,15.72
20.05,19.85
18.8,26.74
73.29,16.16
26.22,20.33
85.41,18.81
35.69,14.08
10.44,29.59
37.33,12.98
7.75,27.66
47.41,9.21
60.86,12.7
70.99,13.31
90.11,27.33
94.77,21.31
41.18,12.71
5.88,30.65
73.41,14.63
75.51,15.05
98.6,29.82
63.38,17.93
70.63,18.44
85.38,17.97
33.36,13.81
87.67,23.91
56.28,11.38
23.22,19.9
76.52,15.64
73.99,15.64
42.73,10.73
62.74,8.83
45.18,12.68
50.95,6.54
34.52,16.58
6.83,32.54
22.32,19.57
65.55,15.08
45.2,13.81
9.69,25.93
75.22,13.82
18.99,18.46
74.85,16.83
25.1,19.46
92.28,22.42
71.11,12.0
41.24,10.44
49.87,11.16
98.69,32.83
19.94,22.45
51.42,12.16
36.82,17.66
34.94,16.31
82.19,23.82
86.13,20.98
55.47,11.65
49.66,15.13
10.59,25.64
38.71,15.26
78.58,16.97
17.29,23.3
84.79,19.4
56.14,13.95
92.05,23.34
56.43,11.66
46.68,12.27
93.46,22.18
31.64,16.36
70.52,13.71
82.01,19.93
23.45,21.42
14.56,22.43
76.85,19.06
12.57,25.28
58.95,12.48
54.35,14.12
23.63,23.64
45.88,11.68
27.08,15.4
92.53,24.16
65.08,14.3
61.04,12.46
74.61,21.83
11.69,26.42
44.73,13.72
71.27,20.09
54.57,10.2
44.83,13.0
72.92,15.53
78.61,19.86
31.55,14.36
37.8,10.55
29.14,13.35
9.82,28.75
29.6,18.19
83.47,21.92
7.67,29.38
71.46,21.3
6.14,32.08
63.92,16.2
24.72,16.32
12.57,25.11
48.41,12.17
18.36,25.0
24.82,16.02
20.84,24.08
25.65,15.42
46.15,12.98
66.31,14.23
98.34,28.49
41.97,16.24
54.64,15.45
79.67,16.67
39.32,12.59
85.33,20.81
67.51,13.43
49.08,10.05
37.91,16.85
52.55,8.34
74.12,16.13
46.55,14.74
30.56,19.98
18.5,23.46
75.36,17.88
83.65,18.73
16.0,26.34
12.89,25.97
69.7,15.87
56.41,14.6
69.96,15.16
5.29,29.42
31.6,15.67
92.92,28.34
14.3,26.59
95.9,30.92
9.22,27.4
92.97,24.39
44.89,14.82
81.15,18.96
15.11,26.24
5.59,31.48
79.71,17.37
69.63,14.69
23.17,18.63
65.5,10.77
83.96,18.28
42.0,15.37
28.0,16.9
74.89,17.25
17.47,22.78
96.16,27.98
68.58,13.85
72.41,13.92
6.42,29.94
20.85,21.16
29.07,17.01
54.22,13.77
96.23,27.26
12.13,25.12
16.65,22.76
20.94,21.84
54.39,14.8
20.06,20.04
75.03,17.56
15.01,27.28
38.12,15.67
16.78,21.84
78.56,21.2
67.14,13.97
80.1,16.77
29.94,17.11
54.43,16.04
84.84,22.94
6.23,32.08
22.68,17.74
82.88,18.15
82.74,21.25
21.3,19.87
65.7,11.44
87.77,21.8
87.5,19.09
55.98,14.01
12.4,29.03
65.28,12.2
21.92,16.94
12.75,26.66
44.76,13.69
96.73,27.39
36.77,13.44
48.24,12.86
48.39,12.57
97.74,27.59
86.03,23.9
18.29,21.67
52.9,10.74
84.21,20.84
28.3,16.03
18.65,18.02
35.78,15.15
25.61,19.16
7.13,24.05
61.49,14.36
96.65,29.75
13.14,23.8
13.81,23.58
78.91,20.72
18.83,18.05
84.77,20.43
98.83,30.68
93.95,26.6
25.97,17.67
45.19,12.42
49.84,14.8
56.53,11.1
64.87,11.38
96.98,27.42
31.89,16.52
99.37,31.2
77.98,18.64
87.37,23.03
94.56,24.42
81.57,17.31
76.81,19.74
98.66,31.4
37.71,11.65
27.13,16.21
72.82,16.24
26.65,17.59
50.12,13.82
72.2,17.53
90.32,25.12
39.24,13.06
89.87,20.0
87.9,23.58
93.54,24.4
16.32,23.85
65.68,15.81
87.38,22.03
82.54,20.97
93.02,22.24
92.38,24.45
29.43,15.99
92.92,28.74
76.93,13.23
5.77,28.79
47.26,13.45
36.64,11.6
38.53,13.9
92.82,21.95
55.08,16.16
70.68,14.79
16.5,22.59
34.72,14.22
65.44,12.59
22.91,15.13
69.67,12.22
30.29,19.57
23.41,23.13
78.13,18.85
62.49,13.89
78.32,19.37
85.99,18.39
31.35,17.48
41.95,16.02
6.78,28.04
78.29,19.04
96.26,27.33
84.52,23.3
90.54,28.3
62.47,10.82
58.26,11.88
57.07,11.7
76.8,15.39
38.14,12.79
58.8,14.04
94.57,23.38
65.88,14.24
55.17,12.87
30.5,16.92
5.52,29.54
42.83,15.28
43.07,17.34
22.17,19.26
28.66,18.18
53.13,15.09
97.87,28.47
48.13,13.87
48.05,12.26
56.67,14.75
7.19,32.72
41.72,14.22
72.96,15.24
96.39,27.26
18.07,20.87
21.97,22.36
58.71,11.3
46.82,13.65
63.22,12.66
31.97,17.64
13.2,23.78
95.15,27.61
39.91,13.73
83.43,21.44
30.1,18.42
13.13,23.96
62.84,13.14
29.05,16.07
16.08,23.94
92.13,25.97
57.34,12.82
15.34,24.36
7.02,26.47
25.33,19.83
7.68,27.42
41.95,13.57
55.78,11.67
40.35,14.25
74.82,18.07
63.87,15.84
14.13,23.35
61.6,15.93
41.07,13.78
22.0,20.25
57.95,12.53
36.03,13.23
61.52,16.94
95.98,28.24
44.28,13.89
95.32,25.23
29.08,16.54
97.17,29.26
73.08,13.78
86.48,22.08
40.3,13.29
8.04,27.62
69.63,15.64
33.57,14.95
53.5,16.74
76.44,16.36
43.21,13.99
16.7,22.25
8.25,30.12
96.0,27.19
59.31,13.17
11.45,27.7
39.7,18.77
87.9,24.5
54.67,12.59
6.17,29.07
30.23,14.05
75.32,16.47
13.84,17.99
22.59,24.22
59.86,15.07
96.83,28.79
43.94,11.14
99.9,29.44
66.7,13.75
55.58,13.93
54.42,13.16
81.14,19.62
34.0,17.83
69.92,11.64
62.99,13.54
59.46,13.29
53.54,13.05
31.53,18.14
92.83,23.96
48.13,11.68
37.67,13.89
89.78,25.4
12.55,23.23
64.49,11.27
13.99,22.74
82.95,19.96
49.63,11.9
85.25,23.98
17.84,24.51
71.96,15.53
78.04,16.63
42.02,12.81
21.04,21.09
61.05,15.02
69.32,18.84
10.98,27.52
7.76,22.89
24.5,17.68
92.14,25.56
26.28,17.78
56.32,11.4
80.52,21.72
78.37,19.0
8.92,27.53
20.88,21.74
45.85,13.01
49.8,14.2
26.34,16.24
72.71,13.3
91.07,21.92
82.47,21.03
56.57,11.7
87.99,22.1
65.8,13.72
85.07,20.19
60.98,14.65
46.4,13.58
13.72,23.42
58.54,11.36
59.28,11.14
39.76,15.88
66.1,16.48
64.4,15.01
99.43,30.7
47.81,10.28
12.15,25.12
6.64,28.38
43.24,13.77
47.98,12.77
28.58,16.53
24.86,18.69
72.04,16.87
84.8,23.2
16.67,21.68
45.58,9.44
73.97,18.93
91.72,23.17
55.19,15.97
52.78,14.98
96.34,25.67
62.72,13.91
49.88,10.45
93.55,25.94
70.51,17.49
23.25,17.35
12.53,24.76
72.68,15.03
80.53,19.31
80.73,17.32
34.4,14.99
96.09,28.04
33.01,12.47
60.81,14.65
79.53,18.57
7.3,25.95
22.22,24.94
36.63,14.16
85.59,21.7
36.94,13.74
97.09,28.9
76.93,18.39
22.21,18.19
88.76,22.48
11.34,28.35
92.98,25.52
52.97,17.77
81.44,17.54
72.84,16.36
73.68,16.26
24.67,16.16
98.23,29.62
35.56,15.44
45.09,14.35
83.36,17.22
91.12,22.48
38.67,12.39
49.35,12.42
81.37,19.44
94.39,26.73
72.26,19.11
73.06,14.76
52.51,11.94
66.54,15.47
76.81,12.43
43.05,17.29
73.7,16.6
92.79,30.35
77.37,13.84
36.03,16.17
96.92,29.1
96.14,28.1
62.57,10.51
6.05,31.78
54.59,13.51
84.12,17.78
38.02,14.16
69.06,12.48
65.3,12.49
12.44,24.89
79.01,17.62
91.3,23.99
16.93,26.51
52.05,10.75
13.52,20.56
80.07,19.11
54.28,14.67
13.5,24.99
90.63,24.78
84.62,17.42
23.81,20.19
20.57,22.65
42.82,14.54
98.09,27.78
31.89,17.81
42.43,11.12
58.95,10.37
87.72,19.38
54.45,11.38
97.99,26.1
31.79,17.97
44.58,14.09
43.78,13.29
99.54,35.06
22.16,21.48
77.64,13.93
12.66,28.26
72.49,16.32
75.93,16.32
71.43,16.1
75.38,13.22
99.58,33.19
73.33,14.34
68.49,16.73
64.86,10.9
83.53,18.63
98.95,30.84
7.65,27.67
12.18,26.75
63.56,11.43
41.1,14.58
82.76,22.64
42.79,12.34
60.15,9.69
56.53,15.18
7.41,28.06
81.97,18.54
81.17,20.1
7.24,27.96
31.12,16.05
98.47,30.74
37.15,13.54
13.4,25.08
10.95,27.1
20.86,20.41
97.24,29.02
25.55,17.79
54.72,11.25
73.29,16.31
61.37,18.82
61.79,13.1
69.34,19.87
59.61,11.88
42.23,17.01
30.41,16.48
90.21,25.74
15.99,25.2
28.56,18.96
12.78,27.12
33.58,12.46
95.66,25.64
29.8,18.58
71.08,13.95
49.52,15.51
69.44,14.38
82.03,14.77
77.98,17.42
94.17,24.22
90.64,23.6
48.93,13.78
47.38,12.38
66.53,15.41
71.28,11.93
18.73,19.41
32.22,16.93
38.71,15.94
64.56,15.04
13.24,24.29
33.38,18.4
92.85,22.55
34.45,14.03
91.53,26.42
7.47,28.79
73.44,12.38
65.58,17.88
47.87,13.03
97.2,31.63
58.21,12.82
64.55,12.58
27.08,18.49
58.82,12.23
39.73,16.07
49.01,15.57
62.41,13.33
84.98,19.2
35.45,12.12
34.57,13.92
31.54,17.95
88.48,23.13
25.23,15.56
42.38,12.17
75.07,13.66
24.82,18.95
97.95,26.77
48.58,12.92
95.86,26.96
76.68,15.79
41.5,13.16
50.04,15.68
24.36,18.82
33.34,17.38
76.44,14.8
47.5,9.38
87.18,19.95
9.07,28.65
59.66,11.83
63.71,14.75
11.19,28.4
67.87,14.34
77.59,16.56
98.67,29.45
28.32,17.19
54.1,11.29
5.31,29.7
87.51,21.38
67.22,14.97
79.29,16.76
44.19,13.41
20.65,19.46
53.08,11.41
22.81,23.17
57.48,12.3
41.7,14.19
84.26,21.58
37.78,13.52
78.91,16.76
97.51,24.55
31.76,13.75
89.1,21.69
94.28,22.25
37.29,15.06
76.16,16.34
67.34,15.31
59.17,14.08
48.04,15.83
54.54,13.54
86.67,23.27
58.73,9.72
65.63,12.46
75.82,14.22
23.29,17.44
44.83,16.39
35.33,13.84
44.78,15.72
30.2,18.15
54.74,13.96
5.32,31.65
94.8,23.68
86.77,20.38
77.16,13.41
64.61,14.8
93.0,25.5
51.78,12.27
89.13,23.11
25.8,15.9
82.56,17.78
79.42,19.42
20.64,20.08
7.84,30.45
60.37,15.05
13.79,23.96
59.22,12.97
87.28,22.24
81.29,18.09
91.17,22.07
78.07,17.85
22.07,20.05
31.95,18.69
98.76,26.26
68.87,13.74
41.21,13.65
19.25,22.38
65.17,14.94
15.23,23.93
32.55,18.48
50.84,11.91
43.0,14.96
54.78,12.84
38.37,14.71
89.92,21.85
36.6,16.67
27.32,15.98
31.06,16.88
90.61,25.1
82.52,20.64
97.44,31.5
53.22,8.74
74.73,15.96
61.9,11.5
24.26,16.25
10.97,28.36
79.22,18.08
73.48,18.16
56.44,13.43
49.38,9.71
28.29,18.24
60.75,12.88
21.37,20.67
41.96,13.15
26.71,18.29
84.93,23.46
69.74,16.89
28.18,11.41
45.1,12.56
32.71,16.08
37.68,16.79
9.21,24.58
38.1,12.12
16.33,23.66
99.47,31.53
16.8,25.93
36.06,10.6
22.16,22.65
9.35,25.31
83.87,18.84
26.13,18.05
86.87,21.67
26.51,18.49
84.82,20.71
89.83,24.53
84.48,20.73
63.78,11.7
22.1,18.76
63.08,18.27
43.95,15.82
25.54,19.78
21.5,19.93
45.9,9.43
91.75,23.88
26.34,18.24
47.49,10.49
86.71,20.58
41.04,15.48
41.33,13.18
57.96,11.01
50.55,11.67
56.02,11.27
5.89,27.68
73.17,17.52
30.0,15.37
30.48,14.14
31.85,15.29
16.71,25.18
78.59,18.49
31.96,14.31
6.25,30.98
50.16,15.38
65.09,11.36
39.4,11.67
69.74,18.61
28.66,18.7
99.73,27.8
87.82,21.25
17.05,22.58
9.42,25.9
37.48,13.56
78.39,15.78
76.29,18.97
73.22,16.48
39.53,15.4
22.61,17.31
60.85,14.58
44.32,17.06
97.93,26.2
68.08,14.16
90.88,24.57
78.0,13.81
33.76,14.71
96.93,30.83
28.93,15.32
47.39,11.9
38.56,12.92
88.68,22.32
8.23,26.23
12.9,23.86
65.14,12.57
6.24,26.88
49.51,12.46
71.03,18.44
8.16,30.47
74.27,16.23
24.52,17.76
27.85,18.51
39.11,11.28
37.98,15.42
79.26,20.96
63.33,15.14
86.85,20.02
82.98,19.72
17.5,23.02
96.29,28.3
12.01,27.16
12.92,23.85
83.8,20.83
32.79,17.64
89.84,23.64
48.58,10.26
35.35,18.16
57.74,16.06
21.44,24.84
20.27,23.17
62.22,10.33
41.26,13.1
82.18,23.08
6.83,29.33
56.24,13.54
78.59,15.21
39.54,15.05
35.42,15.15
51.82,11.84
35.35,13.86
19.24,21.42
44.56,13.87
94.29,29.21
36.76,15.88
9.37,26.05
15.71,21.82
74.48,17.56
16.27,24.35
76.68,18.86
25.18,21.14
73.27,13.63
54.66,15.87
28.91,15.16
20.67,21.43
12.09,23.4
73.44,17.89
47.43,10.95
69.0,16.06
95.63,26.03
58.16,10.89
70.01,16.56
95.39,27.47
7.9,27.59
49.61,13.42
11.17,28.58
19.28,20.15
95.82,27.83
85.5,24.69
50.73,10.69
44.27,14.67
95.08,22.91
26.07,15.74
30.69,16.55
5.45,31.62
79.53,18.18
88.04,26.71
19.18,20.08
23.17,18.12
55.28,12.64
53.28,11.85
86.8,21.39
29.82,15.1
98.39,31.76
37.73,13.1
5.59,32.12
36.31,14.61
82.64,16.87
52.47,13.55
82.95,17.05
69.23,16.47
35.42,17.81
87.72,20.2
75.39,15.81
92.43,23.52
39.84,15.89
58.9,12.75
68.53,14.21
19.61,20.05
51.55,14.38
21.25,24.24
89.86,24.57
12.03,24.42
19.03,21.84
77.3,17.8
39.6,12.72
7.11,29.48
22.26,23.57
93.36,24.28
65.19,11.29
59.45,12.86
54.5,10.96
78.16,18.74
60.59,11.77
91.28,25.62
39.45,13.4
24.89,20.0
59.22,11.85
27.27,17.25
40.34,15.9
93.78,26.06
39.62,13.13
58.92,9.08
63.03,14.49
42.01,15.19
80.97,18.81
88.48,17.57
98.78,26.92
72.02,11.53
22.56,17.95
83.12,17.89
37.81,13.25
35.82,18.8
82.2,16.61
91.05,26.56
77.89,18.53
79.99,18.46
25.08,18.87
13.72,26.86
83.91,18.0
95.13,27.92
63.36,13.62
56.21,8.81
22.24,17.27
92.73,25.08
59.81,14.15
70.89,19.22
8.67,28.56
75.98,13.57
28.34,14.64
83.97,20.29
23.63,20.19
55.71,9.96
31.04,15.82
31.68,16.18
35.48,17.37
69.97,15.2
6.94,32.04
18.75,20.62
12.96,28.74
72.38,14.36
13.97,20.26
52.45,11.45
28.94,19.57
23.51,22.5
52.31,13.66
82.97,18.24
66.65,13.99
56.44,16.28
53.39,15.34
29.04,12.6
76.17,14.35
16.46,20.44
96.0,26.59
58.37,12.26
32.73,15.74
28.27,21.36
58.36,12.39
19.74,20.39
17.53,24.64
90.23,20.71
26.32,22.7
95.62,27.73
31.31,11.96
13.53,25.61
74.05,14.92
69.14,16.83
80.1,19.82
16.37,24.46
21.45,19.29
59.34,16.6
92.8,23.68
16.31,27.5
63.15,11.74
9.8,25.49
44.57,11.76
71.33,15.65
27.73,18.3
90.49,26.96
40.19,14.48
97.43,28.74
94.25,27.4
82.48,19.98
21.05,21.48
5.59,33.27
12.53,25.16
66.66,14.31
34.8,15.9
70.75,13.94
75.05,11.47
81.45,16.66
45.84,12.53
93.01,23.33
8.96,30.27
61.43,14.47
47.83,12.98
24.95,17.03
82.83,22.03
57.33,11.35
99.16,30.21
52.06,16.1
49.66,10.95
34.95,14.09
47.92,14.68
41.53,16.0
71.58,17.01
32.76,15.38
57.11,9.54
59.6,17.38
43.92,11.22
90.37,26.66
83.98,23.1
82.26,18.5
50.72,11.57
76.98,16.83
67.74,14.54
65.05,10.35
23.17,17.46
88.79,21.17
26.91,15.93
33.18,16.65
80.17,16.96
21.28,24.25
93.33,27.63
62.72,16.84
58.14,13.17
53.72,10.11
35.15,17.66
73.37,12.85
47.1,12.16
21.36,23.35
84.63,19.16
32.04,15.58
93.03,23.77
71.5,17.16
82.06,18.11
45.11,11.1
12.76,25.74
81.46,18.27
41.04,11.27
68.95,17.47
77.91,17.5
79.93,18.18
53.78,13.4
47.1,16.05
34.84,14.97
30.18,19.65
63.39,13.33
53.45,12.63
43.31,12.84
6.55,32.04
39.65,15.67
88.0,23.24
73.3,15.23
88.33,20.75
74.03,14.17
6.05,28.46
19.77,22.31
18.27,20.9
54.66,15.91
32.46,13.44
45.38,10.67
12.04,23.16
81.6,20.07
10.23,26.31
67.52,13.39
88.52,21.52
61.41,15.66
57.03,9.68
83.82,22.65
84.14,19.43
23.34,23.41
90.09,23.11
12.28,22.45
85.86,23.03
85.29,21.0
14.71,21.86
54.17,9.48
46.46,14.67
23.08,20.04
49.48,12.89
18.19,21.49
15.97,22.29
56.89,14.3
15.23,19.96
69.63,15.77
27.07,19.57
87.29,21.88
25.1,19.77
97.71,31.81
40.07,14.54
17.61,22.26
63.16,14.26
81.16,24.13
73.83,12.03
6.56,29.72
44.23,8.93
11.68,25.8
77.51,18.58
59.52,12.41
6.81,28.02
47.42,15.53
26.45,17.57
66.18,12.66
25.98,18.05
70.22,13.96
14.68,25.79
99.69,31.81
34.84,14.84
27.36,17.93
67.88,14.79
19.63,22.71
7.66,27.96
91.04,22.75
96.98,28.95
94.83,23.36
28.32,15.1
69.29,15.21
12.43,23.18
56.58,13.28
81.1,17.04
39.83,13.24
97.24,31.51
84.9,22.22
36.92,13.21
24.59,19.04
23.27,20.32
26.2,21.89
53.9,12.18
17.26,25.35
12.23,25.61
15.73,18.64
9.38,28.48
96.88,26.99
56.55,12.14
27.54,17.77
81.65,19.66
56.99,12.43
55.26,10.9
86.87,19.73
73.22,16.45
49.15,10.78
69.67,15.06
50.74,9.53
14.65,22.14
32.14,17.3
78.69,17.04
74.57,14.85
21.84,17.45
53.61,12.15
27.86,15.91
8.31,30.32
21.93,17.64
77.58,16.28
30.58,16.66
92.98,25.9
35.62,14.45
35.21,17.36
61.5,11.25
97.36,30.76
61.53,10.74
72.08,11.49
93.15,23.18
24.93,18.16
73.77,16.99
8.98,31.84
80.1,21.19
98.88,29.13
59.24,12.09
91.56,22.86
51.61,15.02
38.93,15.68
56.36,11.45
5.13,30.37
95.25,24.01
56.51,15.75
28.54,18.94
70.32,18.59
60.81,12.24
59.12,14.06
75.97,15.85
99.44,29.8
44.38,14.35
75.2,18.62
63.84,12.28
34.68,12.35
9.37,29.51
80.03,17.81
89.43,21.47
7.53,27.36
61.79,10.83
83.44,19.87
11.03,21.25
67.63,10.99
69.23,12.76
13.31,22.88
33.86,13.38
13.23,29.31
66.99,15.5
43.75,12.64
29.84,17.79
40.14,12.32
12.5,29.27
71.68,12.63
63.52,9.24
11.78,27.58
34.42,13.82
88.77,21.89
31.19,14.34
51.45,9.77
42.49,11.35
77.61,15.16
46.92,11.29
62.0,15.77
54.97,11.66
99.37,29.46
70.71,14.92
32.48,15.37
77.5,18.31
38.22,16.25
73.93,17.43
80.24,18.92
45.78,11.38
56.72,14.56
86.99,18.03
47.6,15.69
40.32,12.5
81.73,20.4
29.89,16.1
62.49,12.11
93.01,25.79
48.23,10.44
50.92,9.56
25.0,18.65
56.79,15.4
90.66,23.61
55.4,14.01
99.89,26.02
29.07,20.7
94.6,26.24
12.39,23.9
59.14,9.34
28.85,21.09
87.33,21.7
65.31,14.28
58.69,13.0
66.08,14.25
33.75,12.82
74.1,15.17
48.74,10.24
76.0,14.56
88.27,19.38
24.22,14.62
59.54,11.14
38.0,12.21
37.28,20.33
77.39,15.21
15.92,24.07
86.93,20.72
26.72,18.07
60.39,15.5
42.97,10.17
87.32,24.91
43.52,18.23
76.17,15.02
71.49,14.72
15.59,27.4
42.6,10.74
51.16,12.02
71.51,13.2
99.68,32.05
96.25,27.04
13.48,21.38
50.31,13.77
23.59,18.25
29.7,18.69
18.88,21.78
14.97,24.86
75.32,16.68
40.67,17.34
44.19,9.65
92.47,22.76
39.51,13.56
71.21,15.49
91.92,22.19
63.74,13.89
49.71,11.12
61.88,11.33
38.63,13.28
6.11,31.3
38.33,15.8
33.43,18.34
39.63,15.93
52.24,11.94
78.0,15.96
85.41,20.44
32.09,16.65
22.03,19.46
27.81,12.91
7.87,31.75
62.01,13.6
39.78,11.42
66.68,14.98
9.27,28.78
32.48,12.27
99.46,30.31
92.83,25.85
81.41,20.39
44.11,12.09
96.67,27.51
35.07,16.01
15.1,24.57
49.49,10.29
96.06,24.87
42.63,11.37
66.15,12.52
39.48,13.99
21.6,19.95
28.18,21.02
87.74,21.74
45.32,15.94
45.58,14.88
11.55,24.18
75.37,19.85
15.42,26.17
30.32,19.55
44.5,13.33
85.45,18.34
89.93,22.36
46.97,12.3
42.32,13.43
33.34,15.37
65.17,14.89
88.93,21.09
66.75,20.13
83.72,19.46
39.26,15.58
87.92,23.59
17.21,23.2
45.87,11.59
72.57,19.5
34.09,14.69
27.45,18.77
14.09,23.23
55.47,13.61
45.96,14.47
32.09,14.61
40.78,15.76
53.93,12.47
25.09,15.65
55.89,10.91
88.32,19.86
53.98,9.8
52.54,13.48
37.32,15.54
79.83,17.21
39.41,11.41
32.83,15.65
45.81,14.52
95.99,27.46
14.64,21.74
76.15,18.17
86.41,23.43
29.69,17.2
8.79,23.76
33.66,15.54
79.32,17.99
75.43,14.8
81.54,15.91
71.52,16.57
51.86,13.81
22.45,18.79
73.86,17.63
84.23,17.81
62.41,11.31
75.01,12.49
63.78,12.47
77.42,16.39
92.78,27.31
21.7,20.6
47.69,13.29
5.46,27.36
27.04,16.9
72.09,15.39
58.56,14.58
13.44,24.33
79.19,18.81
94.35,27.77
44.51,11.75
85.39,19.93
11.9,22.76
81.7,17.49
26.04,17.79
81.1,18.59
41.83,16.88
18.3,22.69
94.96,27.7
62.4,14.43
6.45,29.9
45.33,8.71
71.38,16.21
39.58,14.74
92.45,24.89
39.54,13.08
40.14,12.43
13.24,26.23
45.97,13.01
85.37,18.74
93.75,22.39
42.17,14.53
80.37,16.65
73.24,14.16
77.56,18.16
36.1,12.02
58.48,9.57
95.68,26.99
93.34,23.41
50.01,14.84
31.98,14.41
76.82,14.67
93.62,27.11
15.43,24.45
89.31,23.76
48.85,14.6
45.29,13.81
39.03,14.54
68.93,12.72
89.47,24.04
73.98,14.96
36.03,19.41
55.08,16.05
92.81,28.12
50.09,11.51
44.66,12.6
77.08,14.0
90.87,24.75
86.38,21.08
79.99,17.94
64.9,12.35
67.72,9.44
45.57,13.14
26.46,18.36
94.57,27.46
36.96,13.02
64.28,15.01
64.31,17.75
85.24,23.74
20.83,19.54
73.02,12.75
90.33,23.56
30.45,18.04
56.85,11.06
46.18,14.96
74.89,21.31
89.06,24.12
19.9,23.13
17.28,22.91
50.87,11.46
62.82,10.25
12.11,25.32
95.02,25.4
52.89,11.01
43.37,16.51
37.91,16.56
82.41,18.86
43.72,12.35
31.2,16.42
32.61,15.77
51.24,11.77
23.91,19.27
50.29,14.17
41.04,13.8
37.14,17.25
80.79,19.33
54.39,13.05
29.48,16.36
34.0,17.72
39.36,15.34
66.28,13.55
88.32,21.02
79.25,18.81
16.07,22.24
89.93,24.64
87.35,21.97
78.55,20.41
18.17,20.48
58.59,15.26
56.24,10.78
93.89,24.36
50.55,15.51
63.85,13.71
55.4,12.92
36.33,11.91
40.58,12.67
55.31,10.61
77.68,17.13
48.47,15.92
82.75,19.09
60.9,9.73
69.36,13.79
23.09,16.08
74.89,19.03
61.98,12.7
48.88,12.34
16.79,23.49
35.94,19.13
44.13,14.55
78.3,16.87
51.74,11.83
30.91,15.5
81.4,16.14
50.29,9.09
22.81,23.1
17.08,24.12
18.26,22.03
49.9,13.01
58.66,8.63
45.32,11.39
66.09,14.31
41.76,14.04
64.5,12.37
18.19,21.95
10.96,28.4
70.18,18.32
95.45,27.76
58.44,16.03
5.22,28.22
52.47,11.55
94.0,25.38
17.86,20.1
13.12,26.47
10.68,25.2
57.09,11.57
51.72,11.56
76.8,14.35
5.54,34.17
10.99,26.21
85.63,22.36
73.69,15.89
86.54,19.83
17.84,22.74
96.94,27.0
7.42,29.16
86.25,24.97
20.95,18.32
27.68,12.66
93.2,24.03
6.12,29.39
10.47,24.65
31.47,15.53
34.31,15.95
14.85,23.37
80.59,17.01
82.43,20.03
43.62,14.99
44.15,15.9
18.71,20.92
78.82,17.58
96.2,30.95
12.55,26.47
87.46,23.46
43.57,12.08
24.47,21.78
85.9,18.36
83.03,17.85
24.98,20.92
17.63,24.11
83.49,20.77
20.76,18.4
91.27,25.83
33.36,11.5
53.19,12.32
53.0,15.8
45.86,14.35
35.0,16.88
62.4,12.23
52.72,12.15
38.22,15.28
15.34,22.3
26.57,19.22
92.73,29.22
31.68,18.64
91.35,24.16
46.93,16.75
96.37,28.36
6.24,31.05
54.73,11.82
88.52,23.38
12.51,28.52
31.98,19.2
67.51,14.2
89.07,23.03
20.26,22.48
98.43,28.45
50.48,12.89
83.49,19.47
85.96,18.21
39.48,14.19
46.72,12.44
99.67,32.7
18.75,18.46
62.44,13.94
36.57,13.01
75.59,15.39
84.73,20.41
49.04,12.87
40.04,15.62
25.33,18.68
13.42,23.21
35.36,14.37
8.98,31.48
41.9,17.0
65.0,12.81
53.91,8.43
93.84,23.57
17.0,20.05
15.86,22.27
33.86,17.71
27.42,17.02
31.02,14.81
89.39,22.18
49.71,12.31
76.15,12.92
80.73,17.61
30.33,19.5
67.56,16.72
42.03,15.62
81.89,19.14
57.53,15.39
32.9,14.36
82.95,19.08
42.12,11.34
77.06,17.73
29.6,16.74
16.44,23.58
65.21,10.4
23.35,20.09
81.76,19.8
86.37,22.84
39.57,13.46
66.42,17.01
37.77,16.65
43.24,11.07
10.08,27.3
49.86,10.17
74.09,18.28
96.92,26.43
29.9,12.46
46.54,14.74
38.14,14.86
86.57,21.7
10.81,25.04
72.91,10.65
89.63,26.04
78.41,20.91
57.99,11.76
51.99,11.85
14.92,19.86
36.6,12.35
58.53,20.11
89.62,23.2
51.27,13.16
12.69,26.79
37.69,15.94
27.86,13.64
17.82,20.24
29.95,15.1
42.47,9.1
9.48,24.01
36.03,12.17
98.01,31.46
90.23,17.26
25.77,20.24
31.8,15.39
50.62,9.67
60.87,12.61
42.92,15.49
89.33,20.9
10.87,24.98
71.61,15.42
30.72,16.38
71.42,15.09
6.52,28.98
44.8,12.38
65.02,13.91
23.12,18.38
25.15,18.07
11.53,24.35
42.84,12.97
12.92,23.34
75.52,13.01
81.31,19.28
55.35,9.26
95.82,28.91
10.92,26.53
67.78,18.91
15.92,22.11
73.89,14.84
17.92,20.3
61.03,13.16
57.92,14.82
11.51,22.65
9.2,29.41
72.87,15.34
82.73,18.9
57.74,13.16
47.41,11.4
16.94,22.81
94.33,23.94
89.99,22.95
76.95,19.53
60.0,14.88
76.0,15.0
34.26,14.23
76.93,17.0
70.38,14.08
51.23,8.5
81.46,18.23
11.64,30.45
24.29,20.3
70.92,16.41
21.11,20.46
11.86,26.87
36.61,12.56
99.12,30.89
97.91,26.32
99.15,29.42
96.48,28.35
53.69,14.33
42.7,15.26
48.44,10.03
62.2,12.85
66.94,13.13
60.5,12.33
66.32,12.93
51.83,11.79
68.55,16.54
13.74,26.04
72.23,11.07
13.93,24.51
74.55,15.84
61.31,12.4
93.4,29.31
44.16,15.75
76.56,13.53
21.68,22.57
42.29,9.05
94.8,26.45
60.47,10.43
37.31,15.46
79.3,13.91
99.09,29.78
95.94,28.96
64.06,15.08
99.82,32.22
91.5,23.36
32.72,15.33
33.78,12.27
40.7,12.56
13.27,26.37
8.97,30.12
58.31,11.24
87.25,23.41
25.89,21.1
60.72,12.23
24.33,19.94
53.75,10.53
15.82,22.39
8.7,30.46
86.77,20.62
18.02,25.3
63.73,11.02
8.24,29.0
95.05,25.18
79.73,15.7
61.61,15.52
43.26,13.68
27.53,15.11
60.71,12.51
51.14,10.7
20.44,23.61
71.84,15.64
19.16,22.25
93.24,25.59
21.15,20.85
59.64,12.09
93.96,23.0
54.39,15.91
86.89,22.37
40.4,15.71
57.23,12.77
94.68,26.74
51.88,11.22
32.8,15.9
34.36,15.98
66.24,12.76
67.79,13.47
83.87,22.07
37.77,12.73
49.17,11.59
71.92,15.04
55.22,11.6
94.52,27.29
44.89,10.96
8.05,28.47
95.34,25.73
80.48,18.88
13.84,25.94
91.46,29.14
94.17,27.48
95.68,26.79
76.82,13.64
83.21,19.44
63.61,11.81
28.01,16.99
29.01,17.83
5.83,31.34
10.9,27.71
86.3,20.83
68.79,14.24
37.12,17.22
41.46,13.8
73.28,13.13
41.82,15.05
78.65,18.37
6.12,28.3
47.89,10.91
98.55,28.43
21.02,16.27
19.41,24.94
21.75,23.94
47.25,11.83
77.32,14.72
66.9,12.6
86.44,17.27
57.55,13.91
10.36,24.83
18.33,20.53
72.17,16.24
30.17,17.88
85.32,18.57
92.31,23.47
47.61,13.36
54.97,12.8
56.45,13.14
47.28,12.94
78.79,14.73
85.23,20.96
71.46,14.56
20.44,24.06
72.34,13.84
86.11,23.33
70.51,17.21
84.82,22.33
19.85,22.47
38.02,16.21
75.59,18.18
23.9,20.66
93.34,27.55
59.06,13.17
92.5,23.4
31.04,19.4
58.06,10.37
55.18,13.45
54.5,14.77
17.51,23.63
84.96,18.53
81.57,17.89
45.0,9.75
9.83,27.84
31.44,19.19
39.64,10.89
10.55,25.7
55.59,10.58
33.53,16.94
89.45,21.85
81.83,21.2
83.45,21.53
89.27,26.43
57.86,15.04
79.38,18.05
65.13,12.06
63.58,14.41
37.19,13.07
41.64,12.7
61.91,12.29
29.29,18.84
37.59,13.36
94.72,26.5
81.56,16.69
93.67,25.13
70.82,13.11
83.99,22.66
35.34,11.73
44.29,13.25
26.66,18.55
89.72,25.32
94.82,26.51
41.97,18.76
7.71,29.96
49.26,13.99
61.66,14.39
35.28,15.1
16.0,26.42
56.55,11.7
60.52,10.47
15.03,26.38
52.25,14.37
64.96,11.65
59.78,16.89
50.06,13.46
89.36,22.37
50.34,13.3
80.04,20.2
95.17,23.76
56.27,15.68
87.27,21.25
94.8,27.92
20.33,19.83
90.32,25.05
29.7,14.42
47.28,10.35
40.98,12.74
86.79,20.31
76.42,17.01
82.82,17.91
40.35,10.61
96.95,28.15
16.19,24.41
35.41,14.29
55.63,15.62
25.9,17.42
28.44,17.53
36.22,12.88
15.92,22.87
26.27,17.07
34.05,17.86
34.06,13.17
16.81,18.96
57.69,11.51
49.86,13.82
90.49,24.29
95.73,27.63
11.02,26.35
28.36,19.57
74.23,18.54
20.9,19.56
47.31,15.39
31.91,17.34
97.12,28.61
8.09,30.56
15.11,22.99
76.09,13.47
60.27,13.56
54.37,17.52
29.65,17.39
74.62,16.99
50.52,12.92
52.47,10.21
31.08,14.85
80.98,15.37
71.33,16.68
18.34,23.56
46.4,10.1
10.51,33.06
50.52,12.48
9.23,27.62
73.44,17.87
57.81,12.66
95.92,22.17
51.89,15.03
98.58,30.99
75.87,19.7
70.19,13.48
72.23,16.3
16.29,22.06
50.89,12.89
27.34,17.96
17.42,22.19
77.96,16.16
22.54,19.56
81.94,19.89
26.44,18.64
47.47,11.19
59.61,15.09
62.89,13.49
86.67,19.37
53.98,9.24
99.22,29.96
56.23,13.45
71.02,12.98
76.58,14.83
57.68,14.17
10.47,26.12
11.73,25.79
42.33,13.99
19.26,18.05
62.35,14.76
46.82,12.7
86.44,20.13
42.02,10.56
17.28,22.11
77.33,19.79
79.39,17.57
88.96,21.64
72.35,15.33
88.29,21.8
19.35,23.48
12.66,25.16
19.88,22.01
89.71,23.54
27.11,16.88
