daily_study_hours,exam_score
1.38,29.0
9.47,88.94
5.54,64.28
8.82,75.9
11.75,92.22
6.69,83.06
6.26,68.46
1.33,37.38
3.59,48.21
6.25,82.81
8.31,82.25
9.74,79.21
4.88,65.39
1.26,30.4
3.81,58.03
10.96,100.0
2.95,59.01
5.7,70.63
11.21,99.76
0.79,46.15
7.41,99.39
11.43,100.0
3.15,58.91
6.81,77.12
10.95,100.0
2.03,33.43
6.52,64.67
9.13,100.0
8.19,84.42
5.88,64.01
2.86,62.69
6.14,79.53
4.78,66.86
5.99,61.26
4.71,60.52
10.14,100.0
9.34,74.74
4.11,44.24
7.09,69.78
3.67,61.56
5.71,68.93
4.56,63.37
8.06,83.96
4.76,61.78
5.78,77.1
8.77,100.0
5.25,67.86
10.92,100.0
2.58,43.33
9.02,100.0
5.36,65.65
5.4,66.63
7.8,77.12
6.51,66.4
5.27,60.05
0.52,25.75
1.56,30.02
8.66,100.0
6.53,76.07
8.51,93.21
11.49,100.0
8.35,73.13
1.11,37.59
4.05,49.4
7.31,71.29
3.2,50.03
11.6,100.0
11.37,100.0
10.26,97.78
5.93,66.37
10.18,96.5
2.01,53.08
4.05,73.81
5.82,76.86
9.03,87.05
6.09,72.79
2.07,51.22
4.45,67.03
4.23,67.33
3.95,65.68
2.4,48.95
5.27,62.14
5.65,54.61
9.41,99.79
9.66,97.77
6.51,65.57
5.8,67.88
9.45,88.32
10.7,96.15
8.26,97.65
9.71,90.29
11.3,100.0
0.97,35.27
10.57,93.04
3.68,55.01
5.97,88.06
9.66,91.62
8.75,90.98
2.19,26.24
8.08,87.2
1.3,27.5
4.61,59.02
9.85,100.0
5.42,63.22
7.4,83.81
8.87,85.89
9.94,91.96
9.25,92.31
0.58,42.45
5.33,65.44
5.83,67.71
1.14,29.75
6.73,60.26
7.49,79.69
10.03,93.71
11.33,100.0
1.97,51.1
3.15,56.99
8.08,75.49
2.02,45.17
3.08,52.2
7.11,74.22
2.45,27.91
9.5,85.27
10.36,96.5
0.89,41.73
6.63,70.5
9.66,81.61
11.71,100.0
3.65,53.35
2.44,42.14
10.58,100.0
10.96,100.0
2.77,47.25
5.58,61.45
8.77,82.33
10.22,100.0
2.44,44.56
8.15,86.76
9.79,78.21
6.82,70.22
2.39,42.33
0.91,31.95
3.74,38.55
9.79,89.87
1.01,48.94
0.59,36.08
4.66,55.86
1.23,32.04
2.22,33.37
0.77,36.57
6.53,65.98
8.51,81.91
5.41,72.04
2.05,50.59
4.31,62.7
7.29,63.87
11.32,98.78
11.91,100.0
3.28,41.57
0.62,43.78
10.05,94.84
11.16,100.0
5.77,63.91
9.37,81.29
10.46,89.58
7.51,90.15
10.54,95.59
0.77,24.94
3.62,59.76
3.69,41.31
1.89,40.64
10.97,100.0
0.85,37.54
8.23,86.58
1.32,37.53
4.65,40.21
5.31,66.13
2.59,46.11
6.49,70.26
6.65,76.81
4.15,62.74
8.98,89.71
2.34,56.88
2.71,64.84
4.58,61.69
4.85,58.4
2.87,37.96
11.07,100.0
10.02,80.58
1.73,54.37
4.75,68.34
3.18,46.08
5.69,72.06
3.68,46.58
6.27,61.58
11.11,100.0
4.9,53.34
7.98,83.46
7.35,76.38
9.15,100.0
1.21,40.01
9.07,100.0
11.38,100.0
7.44,71.85
3.81,45.04
8.23,66.25
8.69,86.37
8.05,59.68
2.19,37.28
11.69,86.34
11.49,99.29
5.38,70.24
7.33,70.2
0.96,31.37
11.87,100.0
9.92,96.18
7.82,68.56
9.25,90.57
2.66,46.04
4.04,47.53
3.33,43.35
7.35,87.03
1.56,45.45
10.8,100.0
5.82,60.65
5.62,63.26
1.7,30.18
8.38,69.85
9.89,90.04
7.74,75.0
3.28,40.84
9.53,81.67
2.18,46.55
10.01,90.83
7.18,63.48
3.83,70.66
6.4,57.14
7.73,81.4
3.47,43.98
10.24,100.0
5.34,64.74
10.76,100.0
10.11,94.57
1.64,34.05
7.93,92.53
4.07,55.42
9.17,87.36
6.74,72.02
5.76,61.05
10.8,100.0
1.16,50.37
6.91,86.28
4.27,59.56
0.91,40.46
9.17,94.97
6.96,69.57
10.78,100.0
7.38,79.39
4.38,43.32
11.83,100.0
1.83,34.0
1.1,38.99
8.93,92.83
4.77,57.89
4.66,61.87
10.58,100.0
4.26,46.08
10.72,84.01
7.91,79.8
4.28,55.3
1.18,53.7
3.32,58.9
11.64,100.0
5.16,62.1
2.34,29.09
3.93,44.28
10.85,97.22
2.4,46.39
9.45,87.3
2.05,43.52
11.56,100.0
6.6,66.49
1.0,32.36
11.21,94.37
4.62,68.97
8.91,71.0
6.52,76.45
1.56,45.56
1.72,24.17
2.22,39.77
2.35,53.18
1.11,29.18
1.04,31.35
11.41,100.0
1.55,49.79
6.35,75.39
1.86,35.82
2.97,37.47
9.28,77.39
11.29,100.0
5.9,50.15
0.56,28.17
11.99,100.0
1.05,26.32
4.98,58.88
6.7,71.75
10.75,100.0
9.97,83.07
7.51,78.44
5.08,61.68
10.1,95.53
10.49,84.69
10.53,100.0
8.75,79.23
1.62,38.72
3.93,47.86
6.09,84.17
6.31,70.54
10.08,100.0
3.24,45.12
8.14,79.81
4.8,72.12
9.42,87.39
2.75,50.54
5.98,77.23
1.69,37.15
2.94,42.82
11.25,100.0
4.13,64.11
10.77,100.0
6.53,81.9
0.95,33.21
9.62,87.86
1.1,27.26
10.01,91.82
0.6,28.34
8.25,81.83
2.41,37.27
4.44,52.32
11.46,100.0
6.09,76.48
8.06,78.88
9.02,83.19
1.76,48.82
10.15,100.0
11.01,98.34
2.29,41.97
6.78,58.76
3.76,41.16
9.02,87.4
0.83,45.61
6.39,85.46
9.62,98.26
8.95,83.47
1.74,44.62
10.08,82.97
3.24,49.57
9.79,83.38
6.22,69.64
2.35,55.93
8.94,100.0
9.79,94.56
8.54,87.86
11.6,91.34
3.45,46.38
3.21,62.23
2.19,52.75
6.7,79.44
5.09,65.91
4.6,72.28
5.79,64.83
3.66,51.46
0.55,55.24
5.93,60.88
3.67,56.68
5.67,63.09
11.18,100.0
2.56,43.75
7.83,77.37
7.91,78.16
3.73,59.96
5.92,59.64
11.65,93.1
4.44,57.12
8.69,82.88
10.16,99.59
4.65,56.67
11.88,100.0
7.7,81.56
6.26,73.36
8.72,94.08
5.37,64.69
8.69,71.23
3.66,52.65
11.16,100.0
6.73,72.21
3.28,54.82
5.53,62.91
10.79,100.0
9.78,90.49
6.07,79.92
4.54,49.89
4.83,41.76
11.78,98.13
1.79,63.69
10.72,96.89
10.36,95.73
3.08,51.46
4.52,55.23
7.05,77.23
9.73,93.5
11.43,100.0
11.91,100.0
3.73,55.79
2.71,52.58
6.11,73.93
6.91,65.65
8.05,90.69
1.74,35.62
7.93,87.32
11.1,100.0
11.02,100.0
11.35,100.0
11.11,100.0
11.55,100.0
1.06,33.82
11.03,100.0
3.62,49.64
4.19,53.61
5.77,66.04
11.49,100.0
7.46,82.15
4.56,55.47
4.8,61.44
10.91,94.51
9.96,80.31
2.08,49.39
3.36,59.15
4.78,56.53
2.99,55.38
6.98,77.35
3.07,40.16
7.11,85.19
11.26,86.75
10.26,95.76
1.64,45.95
2.88,39.39
5.25,76.47
7.93,76.36
4.95,71.72
3.39,50.09
4.46,64.08
2.85,47.66
10.41,100.0
8.52,88.27
5.23,71.84
8.55,91.06
6.48,73.33
6.55,70.26
4.72,63.7
6.11,77.45
11.83,100.0
9.52,96.05
10.02,93.87
1.93,48.05
6.3,62.86
4.72,60.38
1.52,23.41
5.05,57.22
1.35,37.45
3.19,39.36
9.69,83.71
8.39,92.02
8.53,89.47
1.41,47.92
2.39,54.9
0.75,40.06
1.62,46.99
1.66,43.27
11.54,100.0
10.78,87.96
2.85,47.25
3.42,60.64
11.55,100.0
7.05,76.55
4.74,58.32
5.87,75.0
3.63,52.41
7.21,68.05
8.84,96.94
6.43,68.91
9.94,96.23
1.8,28.89
7.44,58.02
11.88,100.0
2.21,57.84
6.19,52.16
7.75,76.39
4.38,63.12
11.59,100.0
6.08,70.18
6.01,68.94
10.88,93.16
0.68,43.38
10.49,100.0
1.98,45.98
4.86,43.36
6.12,83.35
5.98,68.58
0.95,40.56
4.15,72.51
4.6,70.56
11.5,100.0
11.05,100.0
7.22,81.88
11.23,98.52
10.43,99.05
4.82,47.35
1.85,29.57
7.48,80.36
4.21,68.9
0.61,26.3
11.78,100.0
11.65,100.0
6.67,87.98
7.61,76.81
8.19,100.0
11.16,100.0
5.88,66.53
7.2,79.08
3.11,35.73
3.29,54.39
6.5,69.96
3.14,54.64
0.85,33.13
4.74,39.21
9.12,68.62
3.69,48.88
10.42,87.73
8.58,92.96
8.01,73.56
10.76,100.0
1.35,37.55
2.56,59.13
10.96,100.0
10.93,100.0
1.4,31.04
9.4,94.2
0.68,39.86
2.06,42.49
1.76,47.22
3.88,46.92
4.97,60.56
10.98,100.0
5.52,63.4
1.92,52.42
3.63,58.82
0.57,28.82
0.82,27.92
5.46,65.44
6.39,65.76
3.37,48.79
4.87,52.67
1.69,47.25
8.08,83.93
5.01,65.06
2.36,51.96
6.22,52.05
2.9,49.18
3.86,53.18
1.93,48.05
9.48,95.72
3.71,58.38
11.49,100.0
5.16,48.6
2.28,36.36
8.61,95.76
8.94,99.73
10.64,92.65
2.01,52.14
9.58,99.36
10.39,86.59
4.0,51.21
5.73,69.98
7.63,79.06
3.32,66.12
10.52,100.0
8.54,92.79
10.35,92.08
5.67,57.1
6.47,67.21
2.73,59.13
4.11,71.62
8.89,81.33
11.53,100.0
2.25,24.71
1.08,47.41
1.28,28.24
5.51,73.01
9.62,100.0
3.09,39.42
5.99,61.96
6.43,77.58
10.13,100.0
2.39,41.33
0.67,25.99
6.33,73.92
4.59,69.99
3.86,46.24
9.38,84.67
8.36,93.68
1.47,41.15
6.8,67.62
9.68,92.92
10.96,100.0
0.5,41.5
9.79,95.99
1.0,36.38
8.34,70.76
7.38,82.27
11.45,100.0
7.77,82.12
1.3,38.63
8.21,84.34
3.43,59.95
10.07,92.45
0.86,25.9
4.23,64.69
8.28,80.76
2.29,42.6
7.93,84.99
8.52,83.31
8.94,87.51
10.57,89.68
5.25,74.56
2.14,33.12
3.49,63.23
4.98,52.19
1.13,31.58
8.65,82.78
1.22,44.94
1.16,39.11
11.22,99.19
9.77,83.46
3.42,60.15
4.43,58.99
10.0,98.28
7.62,77.96
3.55,48.94
5.66,72.07
10.34,99.5
0.51,42.38
11.91,100.0
7.01,64.17
2.59,52.94
9.7,93.43
1.38,37.04
5.22,38.98
7.09,69.12
3.34,53.01
10.68,94.34
8.51,87.33
2.36,50.09
2.25,44.48
1.21,30.32
7.07,79.37
2.65,50.11
6.74,71.81
9.92,79.27
10.61,88.99
1.84,48.28
4.32,55.93
5.3,49.99
4.91,60.36
5.32,64.82
5.79,72.65
9.2,93.17
4.01,59.0
4.45,52.63
4.99,48.87
2.24,39.48
7.75,91.21
5.1,50.89
11.04,100.0
9.95,82.46
3.15,39.84
3.29,52.01
9.5,84.98
6.94,72.94
0.62,24.55
7.74,81.16
5.04,69.38
9.53,79.99
9.09,93.2
11.11,100.0
8.54,91.57
11.0,82.99
3.77,61.45
4.4,49.04
1.18,35.38
10.47,94.21
2.27,36.33
6.84,67.24
6.36,65.17
9.86,95.14
4.96,67.76
2.14,41.21
4.91,67.83
1.05,37.71
3.97,64.63
7.75,69.4
1.16,38.34
11.88,100.0
6.67,74.06
3.95,58.13
10.09,100.0
2.08,44.32
4.2,61.11
11.28,100.0
3.26,49.65
8.93,82.65
1.43,47.52
6.62,78.95
8.07,92.31
2.91,44.83
4.27,55.96
6.83,93.75
7.28,85.57
2.27,32.84
5.22,69.46
12.0,100.0
4.21,54.27
9.53,89.37
2.82,41.17
5.8,63.15
6.46,65.45
7.35,68.11
8.75,83.45
9.65,85.32
8.55,90.91
9.78,100.0
10.69,97.86
4.25,54.54
10.01,99.79
6.48,70.78
3.48,68.34
2.49,24.72
9.29,71.34
7.82,71.67
1.31,41.96
7.26,83.01
1.01,32.44
5.0,62.27
7.07,73.27
7.98,85.41
2.32,60.87
1.02,18.13
7.12,93.75
9.92,100.0
9.66,90.02
4.64,63.8
7.13,75.9
8.77,90.52
10.54,100.0
6.15,75.96
10.57,90.41
4.15,61.63
3.02,44.13
3.88,52.61
8.89,93.91
10.68,95.64
5.92,70.66
8.5,87.64
2.1,44.23
6.34,61.21
5.5,69.46
5.46,66.79
2.66,64.97
7.66,71.3
8.23,91.77
7.82,77.29
9.04,86.21
5.77,81.06
10.3,95.78
7.07,82.24
10.64,100.0
5.22,56.58
8.55,83.74
2.76,44.37
1.46,37.58
11.21,100.0
4.76,64.63
1.03,22.72
7.61,94.46
11.23,100.0
9.34,97.85
11.85,100.0
11.25,96.52
5.74,69.92
3.19,49.55
1.25,35.3
3.63,51.13
7.77,81.31
10.98,100.0
0.52,39.59
9.9,96.67
9.29,100.0
8.45,66.36
1.97,43.12
1.11,40.11
8.97,90.87
7.88,92.58
4.75,62.33
4.47,70.12
0.88,34.34
11.92,100.0
10.12,96.73
11.7,100.0
9.91,98.64
5.78,72.23
10.22,89.36
2.78,55.76
8.23,81.52
3.23,51.88
5.01,41.19
10.52,98.31
5.39,49.81
10.78,100.0
7.39,71.93
3.88,51.78
3.49,51.4
0.54,22.95
7.08,76.33
10.14,86.22
3.08,48.46
6.01,76.03
11.81,100.0
5.02,74.22
11.29,100.0
10.01,87.46
6.19,74.21
7.81,93.33
1.25,31.23
6.44,82.8
9.24,89.04
3.15,29.41
1.09,37.73
0.84,50.57
2.34,51.08
3.23,59.65
9.76,96.75
5.78,54.17
6.66,54.48
4.1,48.21
3.94,52.58
6.87,66.62
9.08,82.6
2.58,53.07
5.5,77.51
7.91,67.89
11.54,96.53
3.6,52.65
5.02,61.04
7.05,56.98
2.13,67.48
7.53,84.67
11.71,100.0
3.64,38.29
6.03,71.6
1.85,32.66
6.46,76.12
11.67,100.0
6.74,74.18
2.96,52.71
4.07,51.85
7.7,81.53
10.36,78.05
5.71,73.05
6.14,68.44
9.81,100.0
1.71,42.01
11.44,85.54
5.84,80.34
4.31,52.19
9.45,82.41
3.45,52.09
2.18,54.56
3.47,68.21
8.23,80.44
1.66,42.55
5.69,68.84
3.21,45.64
6.78,70.0
2.09,42.46
9.4,90.64
11.12,100.0
4.17,41.62
4.58,63.59
7.38,80.98
9.0,99.54
1.17,34.51
8.26,80.69
9.86,94.95
9.61,87.94
5.54,61.24
9.96,89.37
6.79,68.78
2.65,38.93
3.79,49.69
7.32,71.22
6.85,68.58
9.72,82.38
8.72,94.24
2.95,51.58
5.07,62.45
9.45,82.61
5.77,72.54
3.09,48.03
11.28,100.0
5.66,67.44
4.05,55.3
6.38,79.26
3.96,49.27
3.61,48.06
8.11,83.79
9.65,90.96
5.2,68.11
2.35,52.54
5.97,79.78
5.12,70.85
5.51,63.49
3.26,49.78
9.35,87.72
2.83,57.54
0.94,34.25
8.55,78.69
9.04,80.36
3.25,57.04
2.49,39.17
7.18,55.42
11.08,100.0
3.42,54.88
6.71,79.72
3.54,60.9
9.03,92.77
5.87,71.29
4.86,62.0
8.05,76.01
6.61,56.05
2.81,32.59
5.29,67.37
11.5,100.0
9.71,93.42
6.39,65.44
8.1,87.76
2.14,43.72
5.25,64.25
10.79,97.28
2.66,37.99
11.79,98.63
10.25,99.77
8.39,97.58
4.8,75.32
1.56,38.74
3.89,58.95
9.02,88.01
5.35,66.06
9.73,96.66
2.98,56.71
9.97,85.79
10.39,100.0
8.81,86.33
2.85,40.77
3.06,68.52
1.24,31.04
1.09,36.9
9.0,82.75
6.15,79.56
9.26,68.85
3.75,57.2
4.47,46.46
10.79,100.0
11.97,100.0
1.67,47.86
9.46,85.38
6.9,84.26
0.55,51.27
7.59,81.49
3.72,51.31
4.53,71.33
11.65,95.17
9.04,86.55
1.13,37.02
8.33,85.26
0.65,43.19
10.69,98.41
7.36,69.11
7.75,69.27
0.69,33.41
1.46,43.34
6.55,80.4
4.89,66.84
9.91,83.48
3.77,59.13
5.1,57.92
1.88,52.73
6.28,68.5
11.48,100.0
3.56,48.77
9.59,100.0
2.39,44.73
10.69,100.0
6.4,81.03
1.95,33.41
9.5,91.6
10.71,100.0
2.17,50.58
1.85,47.06
3.39,54.17
6.42,59.56
11.43,92.42
10.4,100.0
4.23,52.63
0.93,36.36
7.35,83.06
7.11,61.26
3.28,36.34
7.44,82.8
11.79,100.0
2.16,41.4
4.12,66.03
10.25,94.63
2.33,44.81
1.98,45.32
2.48,32.39
9.35,100.0
1.97,46.15
1.55,35.8
7.71,89.32
9.32,83.23
9.2,84.36
5.48,55.85
11.04,100.0
2.24,38.63
5.58,68.42
4.75,55.56
6.78,76.22
2.72,51.25
2.19,47.43
11.81,100.0
3.97,56.54
6.25,64.04
11.04,85.87
3.98,58.72
4.72,49.45
6.98,78.09
1.28,37.95
0.77,34.62
7.78,80.61
4.77,65.57
1.41,31.41
3.8,57.22
8.47,93.73
9.24,96.35
6.31,79.87
3.04,47.54
10.15,95.35
2.89,63.76
9.2,93.87
2.26,46.79
11.25,100.0
9.39,84.1
6.26,69.66
5.49,69.24
7.09,75.61
8.1,94.76
6.92,78.46
8.5,92.34
1.51,33.22
5.3,64.36
9.17,89.38
5.54,70.19
11.66,100.0
6.64,73.2
4.08,61.15
10.76,100.0
5.36,65.09
6.78,68.9
7.88,90.87
10.34,100.0
2.91,50.44
10.55,100.0
7.1,59.89
4.71,64.49
4.36,56.93
11.79,100.0
11.39,100.0
6.77,88.79
4.48,57.78
11.7,100.0
0.69,30.33
1.06,27.68
6.1,65.21
7.25,86.04
0.58,21.67
2.66,48.14
1.49,48.69
3.37,54.1
2.6,51.2
1.93,45.43
1.99,47.22
4.77,45.91
1.98,54.98
9.39,94.09
5.13,59.12
1.84,39.8
7.99,81.02
9.56,97.76
4.64,50.95
0.57,23.9
7.98,71.63
9.17,96.97
10.73,92.69
8.7,87.76
7.36,68.99
4.45,58.6
3.3,47.76
1.25,32.5
9.92,100.0
6.94,76.18
3.81,47.42
1.93,61.88
3.82,47.59
9.21,80.84
2.98,36.3
1.1,50.25
4.87,63.57
4.36,61.31
8.52,94.4
6.89,76.11
5.94,74.64
11.72,100.0
10.21,98.7
1.97,49.6
3.36,53.84
5.32,66.12
1.32,50.33
9.22,94.96
9.33,93.28
3.86,40.45
10.91,94.23
6.85,69.48
3.07,50.23
7.65,83.1
8.23,85.19
8.75,86.02
11.67,100.0
11.01,100.0
5.25,71.68
5.47,51.83
0.77,43.52
5.3,80.41
2.54,55.97
1.88,39.23
9.88,87.49
0.75,34.8
1.98,54.0
8.14,85.5
7.02,60.05
5.43,39.45
9.79,95.6
3.24,70.32
2.88,36.35
6.41,66.89
1.73,41.64
8.42,87.45
11.25,100.0
9.83,81.39
10.63,100.0
1.34,33.59
5.38,71.67
10.88,100.0
10.18,100.0
7.33,67.94
8.03,73.33
3.56,47.47
3.55,49.32
1.27,32.52
10.87,90.62
3.82,50.16
11.91,94.41
0.58,41.57
9.69,88.99
6.55,62.32
0.98,37.65
8.13,69.84
8.58,88.53
8.55,82.59
8.5,98.92
8.3,88.08
9.33,84.24
4.87,68.62
11.51,100.0
6.05,74.46
3.58,28.52
11.92,100.0
3.71,50.38
5.57,76.27
8.52,76.59
9.68,95.5
4.14,55.33
0.91,24.63
7.15,71.72
7.31,81.62
8.89,85.95
3.5,51.14
9.94,93.75
9.4,91.56
10.41,99.91
9.19,88.87
8.24,71.55
6.87,72.69
10.36,97.76
3.1,62.94
8.15,74.65
9.61,100.0
9.41,86.54
1.99,55.34
4.11,39.98
11.23,100.0
9.41,72.06
2.28,32.86
6.06,65.47
9.82,97.3
10.38,90.89
6.48,73.65
1.67,33.84
3.02,62.06
0.78,30.01
2.41,60.89
1.2,51.78
8.55,77.9
8.56,89.42
5.6,62.26
10.63,100.0
2.18,46.36
2.73,61.89
7.53,77.07
6.57,69.94
1.91,35.74
10.93,100.0
7.65,82.63
7.49,78.81
4.79,63.12
7.47,84.18
1.32,37.57
3.96,50.22
7.78,72.17
7.39,73.11
6.55,69.49
1.11,44.95
4.2,64.22
11.82,100.0
11.35,100.0
9.93,86.99
1.23,44.31
1.35,25.49
2.95,56.64
10.02,93.37
2.85,50.12
3.09,48.93
3.49,44.02
8.93,88.77
6.57,72.48
10.4,100.0
1.37,43.64
1.09,46.68
10.23,100.0
1.75,32.04
8.72,92.67
7.45,68.61
2.88,42.79
3.49,53.01
9.01,81.67
0.75,31.51
11.49,100.0
1.02,31.53
2.36,37.96
7.86,70.58
1.82,64.19
11.97,100.0
5.48,65.71
1.29,38.6
2.4,54.31
6.74,69.06
10.51,90.95
3.46,49.25
5.09,56.71
7.04,64.18
7.98,66.73
8.82,87.49
4.23,53.99
4.76,71.92
10.55,94.26
10.92,97.96
5.3,73.98
11.96,94.13
2.51,52.45
9.97,88.03
10.95,91.96
6.99,78.29
8.46,85.79
1.19,28.52
10.19,98.05
8.36,96.53
7.15,82.87
7.18,77.5
2.34,40.63
10.24,95.75
6.58,76.46
7.49,76.77
2.46,49.47
7.72,87.83
3.24,39.11
9.27,91.45
0.82,39.19
1.93,40.28
2.93,43.76
5.11,75.11
10.51,97.51
0.58,32.93
6.89,70.36
0.91,33.41
4.87,59.09
3.93,54.59
2.39,33.45
6.01,56.1
4.43,53.68
3.51,49.96
7.53,74.22
3.31,57.01
11.68,100.0
3.37,57.45
11.87,100.0
2.36,27.32
11.42,100.0
1.22,49.27
0.59,34.8
1.62,39.86
8.63,76.77
3.18,52.38
3.67,45.42
8.24,69.47
0.84,37.07
6.71,80.07
5.1,60.72
2.36,43.74
10.98,95.86
4.64,72.7
3.85,57.86
8.49,82.25
10.34,94.62
3.12,51.16
1.96,51.28
11.54,100.0
5.42,57.94
6.65,75.49
5.75,66.19
10.02,83.24
5.43,64.06
9.21,87.11
6.51,68.84
1.42,40.12
6.36,72.95
10.34,100.0
6.61,77.66
5.02,69.03
0.79,31.33
8.56,85.44
5.01,57.02
4.22,51.64
4.75,67.24
5.3,81.46
4.36,63.63
3.85,58.02
5.8,71.65
1.04,42.82
3.1,49.26
5.54,65.27
10.67,100.0
5.42,77.75
6.89,75.19
10.78,86.64
9.77,99.44
8.69,87.86
7.62,73.04
7.35,70.94
2.69,22.15
2.05,36.97
1.14,35.43
1.58,44.05
7.57,78.54
7.5,70.64
0.93,32.52
10.14,96.02
5.58,70.67
6.69,75.54
1.35,45.26
10.37,81.96
1.42,40.62
2.93,51.1
5.85,60.32
6.22,71.85
6.63,68.79
11.26,93.38
0.9,25.4
8.28,87.88
5.44,69.78
9.84,100.0
8.18,88.93
9.84,97.69
10.43,89.18
9.47,89.86
2.02,40.84
6.68,89.23
9.39,84.05
9.41,80.8
11.16,94.48
5.28,72.22
0.6,28.79
8.86,93.34
3.7,49.91
8.04,90.36
1.06,24.62
4.59,56.18
7.78,85.23
1.95,40.75
4.15,49.76
2.17,55.4
10.75,88.64
9.4,84.31
7.84,89.91
6.48,85.58
11.74,100.0
3.47,42.55
8.61,75.76
1.49,32.79
7.65,78.91
2.75,58.36
0.61,41.08
10.96,100.0
3.71,50.13
11.89,100.0
8.32,90.33
8.21,90.06
8.24,83.42
11.91,100.0
3.08,58.83
11.86,100.0
4.2,55.51
1.58,43.1
11.11,100.0
1.62,52.63
5.97,82.73
10.09,95.89
3.68,64.06
8.78,77.65
7.88,63.88
8.45,81.57
2.23,47.34
8.58,73.94
10.16,94.89
2.13,45.24
11.55,100.0
11.45,100.0
4.17,65.99
11.49,100.0
11.29,99.77
1.84,46.31
9.06,97.33
11.57,100.0
9.97,100.0
2.03,49.06
5.19,60.76
6.99,75.17
4.77,54.81
4.94,67.52
1.61,41.29
0.58,49.48
4.02,35.75
5.37,55.31
7.16,72.49
11.49,100.0
1.53,37.09
4.49,53.56
10.51,100.0
10.0,91.64
1.79,43.53
8.27,90.85
1.53,47.66
11.38,91.67
3.49,46.87
7.47,82.06
5.91,67.05
6.39,65.47
2.96,54.04
4.63,60.79
3.75,57.98
7.58,86.39
5.36,61.91
7.3,85.59
6.67,74.85
8.16,85.2
11.72,100.0
6.64,60.56
6.78,61.18
7.56,70.22
6.8,81.0
5.23,65.02
3.33,47.36
6.67,65.25
3.33,38.36
8.08,84.92
10.69,99.38
9.7,96.12
9.54,99.24
2.95,51.47
0.89,46.42
2.84,45.34
7.06,87.71
1.94,45.98
1.65,36.58
11.98,100.0
4.58,76.76
1.23,28.23
6.38,66.8
8.52,82.11
5.79,69.01
2.01,43.59
6.42,86.36
1.29,36.84
8.9,93.05
11.3,99.5
0.98,27.7
7.06,74.71
10.05,93.42
7.87,86.4
2.21,54.69
1.28,34.8
5.76,75.93
1.06,28.9
10.12,100.0
6.44,60.34
4.14,52.91
9.37,92.77
2.97,46.3
6.41,62.79
6.32,76.48
1.7,33.14
9.71,100.0
8.53,74.02
2.79,56.09
5.45,71.79
4.06,60.33
11.28,100.0
8.18,81.46
11.36,100.0
9.32,99.42
9.6,84.19
4.07,54.2
10.26,94.84
4.35,56.33
10.01,92.73
8.66,67.12
6.36,70.99
2.46,47.9
7.41,87.57
7.68,85.83
8.38,79.61
1.26,35.81
3.37,44.34
6.95,72.08
10.3,91.94
3.17,58.82
10.82,100.0
11.71,100.0
1.52,36.69
8.83,85.85
5.07,66.65
2.09,37.06
3.06,53.63
4.66,66.76
0.71,29.8
8.49,84.86
5.72,60.24
4.48,71.75
10.48,100.0
11.61,100.0
5.77,65.61
4.07,49.48
7.44,77.44
5.16,74.18
10.75,100.0
3.82,60.77
1.97,42.61
0.67,37.45
2.46,54.37
1.59,32.29
10.97,100.0
8.32,77.7
7.18,78.75
11.36,100.0
7.61,81.7
8.62,86.86
2.32,55.21
3.81,51.72
7.6,76.79
10.11,88.63
3.74,55.89
5.72,73.13
3.74,53.6
3.83,40.16
7.11,79.75
11.07,100.0
11.73,99.69
7.01,73.86
0.78,35.4
3.68,48.04
8.04,84.44
11.14,100.0
2.18,35.3
10.03,73.93
10.61,91.89
1.53,50.98
10.91,100.0
7.35,75.34
10.23,88.24
8.25,94.88
8.31,89.46
10.56,100.0
9.27,100.0
5.2,67.28
4.9,62.56
11.64,99.8
3.54,54.14
4.83,53.76
2.16,52.35
4.4,56.92
7.22,89.22
2.73,45.12
5.4,68.54
7.5,72.71
4.93,68.92
9.18,83.33
6.43,81.93
4.24,61.86
8.83,73.16
6.87,63.94
5.69,68.91
2.35,44.88
11.85,100.0
2.5,39.41
4.92,60.41
7.23,77.05
11.23,100.0
3.97,69.26
1.82,41.18
8.63,73.71
11.44,100.0
5.7,70.4
11.98,96.3
4.2,52.16
10.63,96.72
0.52,34.42
8.32,90.38
10.68,97.61
3.72,50.16
10.25,89.11
7.39,76.82
4.18,57.82
0.99,40.17
8.11,65.9
4.82,54.44
6.75,77.67
2.78,61.35
0.72,41.84
1.61,22.71
7.87,66.07
1.97,47.23
3.92,55.87
7.31,78.03
3.64,69.14
5.94,60.34
5.24,73.56
9.44,92.26
5.14,58.83
3.76,38.12
11.84,97.8
2.49,58.11
7.86,81.86
7.67,86.21
4.52,63.98
9.05,87.65
9.17,96.2
5.98,71.38
4.22,55.99
1.8,39.25
10.5,92.62
11.81,100.0
3.73,52.79
4.18,65.9
7.93,79.13
9.46,84.38
10.22,81.88
9.33,96.63
8.32,100.0
7.65,79.51
0.67,17.01
6.13,77.19
8.65,81.02
3.98,61.36
3.34,54.6
5.25,69.74
6.76,74.93
0.63,31.98
9.14,97.85
8.65,83.98
3.09,59.28
3.36,47.18
2.51,47.49
5.24,58.23
11.54,100.0
4.99,57.19
11.15,96.08
2.58,54.24
3.25,53.81
6.33,70.49
2.24,36.79
1.8,41.34
8.21,86.45
4.44,64.04
8.54,79.93
3.11,54.14
3.95,40.81
10.77,100.0
7.17,69.43
1.91,47.97
5.34,61.3
1.65,58.65
1.26,39.36
6.99,77.89
1.79,23.84
2.97,38.4
1.33,46.55
1.78,36.17
5.66,75.37
2.41,39.96
4.12,61.4
5.5,59.39
2.73,51.03
2.05,48.46
2.2,51.21
11.32,97.71
4.51,49.03
5.74,71.52
9.16,91.16
9.55,97.21
8.5,75.67
10.76,100.0
6.63,71.61
2.41,37.14
7.54,75.34
5.7,74.15
10.04,96.46
3.29,52.47
8.29,84.43
0.62,30.86
4.91,71.4
4.48,59.25
1.59,28.91
9.94,83.26
10.01,90.67
3.38,48.92
8.68,92.12
10.87,80.2
7.17,82.55
4.74,69.99
8.35,80.47
5.05,72.61
7.07,70.59
8.11,81.36
3.87,51.21
8.12,95.33
6.34,80.27
7.32,86.21
3.82,45.88
9.08,89.77
2.22,35.44
6.03,70.42
6.61,77.43
0.59,44.72
9.67,91.73
6.88,76.55
1.41,38.06
10.26,88.28
8.67,99.49
11.02,100.0
8.34,95.7
6.29,77.59
9.59,82.31
4.62,55.17
5.51,71.3
4.6,66.7
4.25,63.13
11.35,100.0
6.32,78.0
6.34,63.42
4.85,59.63
4.27,48.61
3.16,58.44
11.42,100.0
8.92,93.65
6.03,67.14
7.37,57.73
10.14,89.66
4.75,62.14
3.74,54.78
5.99,76.25
5.79,76.58
10.06,90.9
10.79,100.0
10.38,83.68
8.48,90.48
6.57,55.87
2.51,50.33
11.21,84.68
10.32,100.0
6.55,85.31
9.17,88.28
10.84,100.0
4.0,64.91
7.1,54.6
11.53,89.49
3.07,50.09
2.23,35.71
11.42,100.0
10.57,100.0
1.0,51.49
7.17,81.86
7.92,76.16
8.74,91.33
7.59,82.28
6.97,74.13
7.49,92.14
7.63,64.3
1.56,53.08
2.5,43.02
3.79,65.39
11.17,100.0
5.87,63.71
7.56,73.9
11.64,100.0
1.65,43.82
2.71,72.36
3.74,67.4
11.07,100.0
8.76,77.28
2.0,44.03
1.32,43.47
2.45,32.41
11.03,100.0
5.34,75.47
10.5,94.76
10.24,83.76
11.61,100.0
6.74,87.17
3.64,52.29
6.42,73.35
10.77,100.0
11.4,100.0
5.07,57.7
6.1,67.23
9.68,92.58
5.07,63.31
3.26,61.08
3.71,46.16
6.02,72.74
3.24,50.21
9.29,73.87
8.17,89.49
11.23,100.0
9.09,78.93
5.71,53.01
2.6,54.98
3.21,64.96
10.7,100.0
7.81,79.31
1.73,47.55
6.25,65.61
9.31,86.64
9.76,100.0
10.15,87.02
10.98,100.0
6.05,72.11
8.17,94.2
1.34,23.93
8.11,93.69
6.42,71.31
2.95,54.75
3.41,45.86
8.64,78.14
3.1,59.94
4.44,63.17
4.83,66.33
9.25,96.12
2.72,53.04
1.41,26.63
2.61,44.84
8.69,84.11
1.08,53.93
6.87,86.09
6.3,64.11
4.8,49.43
4.49,65.53
6.69,78.68
1.2,49.55
4.21,48.37
5.29,78.54
2.13,45.93
6.53,83.53
4.06,59.19
1.25,35.24
1.97,36.81
4.27,69.47
8.11,56.83
9.7,100.0
6.09,75.77
1.04,31.54
7.48,85.45
10.91,100.0
1.09,26.9
4.5,57.33
0.69,39.77
7.14,77.2
1.7,35.18
11.32,100.0
5.18,70.17
7.65,90.1
4.28,59.99
4.36,71.06
0.63,28.56
10.47,94.74
3.6,41.95
3.36,51.5
4.64,60.86
2.62,46.99
4.09,46.24
3.73,62.79
11.71,92.32
10.58,91.13
3.75,30.07
10.15,100.0
0.94,42.74
7.04,74.21
10.43,100.0
2.99,39.27
2.35,36.39
9.63,84.59
8.01,84.73
11.7,100.0
2.33,46.57
2.21,35.53
1.14,26.25
4.23,60.98
1.05,39.2
7.56,82.78
1.49,34.45
5.72,69.44
6.42,58.91
1.49,30.67
8.46,87.67
11.89,99.48
4.98,52.27
6.44,64.12
4.82,75.04
11.77,100.0
10.28,99.4
11.64,100.0
4.94,82.28
4.14,56.15
0.69,43.29
1.38,46.97
11.5,100.0
7.22,77.26
5.63,54.29
2.32,49.98
11.29,100.0
0.95,40.99
7.96,98.95
7.39,84.37
8.91,95.92
9.05,85.36
8.26,83.01
6.86,79.03
5.49,75.43
9.72,85.14
2.03,31.78
3.75,53.86
9.49,91.2
10.72,100.0
8.11,97.28
1.07,32.76
10.05,100.0
11.64,100.0
5.79,68.3
4.99,48.96
4.55,72.31
7.48,93.67
2.45,50.34
2.05,47.95
11.89,100.0
6.26,55.16
6.42,65.52
3.97,44.16
1.01,25.57
1.24,31.4
1.18,33.13
8.59,90.27
9.47,100.0
11.44,100.0
11.78,100.0
2.24,41.84
0.67,31.99
8.37,87.37
3.86,50.04
11.11,100.0
6.11,65.79
5.54,58.94
5.34,59.25
4.03,68.76
6.99,77.48
2.63,43.36
11.74,100.0
9.78,87.28
10.31,93.16
11.38,100.0
8.35,70.48
10.87,99.24
8.99,91.95
5.95,70.84
0.74,33.53
6.43,80.35
6.7,66.76
8.97,97.27
10.49,100.0
7.73,81.83
1.5,52.06
1.55,33.57
10.52,100.0
10.63,97.84
5.11,56.86
1.29,35.67
1.73,44.49
1.81,45.0
11.01,100.0
5.17,58.15
5.83,67.02
9.92,93.47
3.3,46.04
6.63,72.88
7.15,59.13
5.27,54.76
1.89,38.12
5.37,61.78
1.79,46.74
4.15,52.36
5.1,76.66
2.69,35.5
11.97,100.0
8.43,77.02
11.21,93.49
11.22,96.76
3.8,49.53
2.17,41.55
11.9,100.0
6.37,74.88
8.29,89.95
10.46,89.3
4.41,68.42
7.31,79.34
3.94,55.44
2.98,55.99
0.9,34.9
3.21,62.29
3.37,41.99
9.09,98.7
6.44,67.86
9.39,96.77
3.79,50.88
2.95,62.38
7.15,79.39
3.62,59.41
9.17,80.92
4.89,49.78
3.73,56.04
9.16,100.0
2.67,48.56
8.84,75.53
4.98,75.95
1.48,35.39
7.72,86.15
7.51,72.12
1.65,34.9
5.79,69.85
5.82,46.56
8.73,78.62
2.76,44.4
6.94,71.62
11.91,94.14
0.68,42.99
8.74,84.76
4.52,57.69
6.08,53.97
3.74,53.19
5.79,72.35
6.2,76.62
11.08,100.0
10.54,97.37
11.2,100.0
11.63,100.0
5.04,67.46
9.48,89.18
10.74,97.4
1.85,44.43
8.85,84.85
7.14,77.79
2.79,48.51
7.76,72.44
8.41,95.98
8.02,86.79
0.57,25.8
11.14,94.08
4.54,54.93
9.72,87.73
2.27,36.22
7.42,79.24
1.17,34.22
6.9,66.55
7.95,93.0
4.95,58.63
8.76,88.65
5.96,57.27
1.15,27.85
0.95,27.27
1.08,43.55
4.4,63.44
11.18,99.89
4.28,54.54
9.87,95.84
7.91,73.65
8.58,82.93
8.04,88.83
2.82,40.31
10.53,100.0
5.31,62.75
11.25,100.0
0.68,32.27
1.82,47.62
2.04,49.19
8.87,90.99
1.73,27.4
5.46,65.52
6.41,80.0
6.41,62.7
3.89,42.19
10.64,96.44
5.7,72.47
2.52,35.32
6.91,76.59
1.8,38.43
8.2,81.99
2.49,48.43
10.74,97.41
1.4,33.64
4.06,56.75
2.98,60.58
7.05,79.61
5.16,68.06
5.7,58.78
5.65,61.7
7.54,67.6
3.51,59.22
4.2,64.32
3.47,55.07
2.17,49.35
7.68,75.73
11.24,99.31
10.95,100.0
11.6,100.0
1.77,48.72
8.74,99.1
1.36,28.94
9.88,86.45
10.21,100.0
6.01,76.14
11.85,100.0
5.83,80.47
6.72,70.66
4.39,73.79
9.91,100.0
6.98,82.89
6.26,72.65
5.39,61.62
9.16,82.95
1.33,26.71
7.77,73.3
1.34,32.03
3.0,50.42
0.88,29.61
6.47,57.56
11.35,100.0
2.95,32.39
1.8,38.39
6.56,77.42
0.74,22.06
4.53,49.26
5.62,65.46
1.39,49.0
10.7,97.9
4.92,57.77
7.25,78.6
1.8,27.16
11.64,92.98
2.59,51.63
5.86,73.8
1.51,43.92
2.31,45.43
2.06,46.34
4.93,47.48
1.51,30.52
5.87,64.37
7.0,82.57
2.69,48.42
9.33,90.27
1.38,29.36
7.11,76.61
9.82,96.24
7.56,83.16
0.55,32.0
1.36,54.57
1.03,26.93
1.99,49.56
6.55,61.92
11.53,94.34
4.74,66.07
9.57,88.59
3.61,47.03
11.69,100.0
4.9,81.85
2.74,42.67
2.7,44.57
1.81,51.31
1.44,34.58
11.16,100.0
8.82,76.84
2.17,42.18
7.42,85.85
5.84,65.88
1.33,34.47
11.86,95.6
3.22,49.65
7.09,82.74
4.64,57.83
6.11,61.54
11.89,100.0
9.3,96.99
3.24,55.44
8.59,83.85
5.84,60.86
3.24,59.93
6.92,75.22
3.19,47.43
9.84,92.19
3.89,58.04
1.63,47.05
10.42,97.26
2.45,42.55
8.65,76.86
10.49,95.63
8.86,85.57
11.42,100.0
3.61,52.95
4.79,56.51
7.81,79.48
1.85,46.63
11.86,100.0
8.09,80.83
8.32,81.72
7.21,73.86
6.31,73.34
2.74,52.32
1.71,38.47
3.43,50.4
0.83,38.1
7.67,85.49
2.58,57.31
11.09,91.19
1.76,47.82
4.18,53.01
10.38,100.0
7.65,86.63
5.26,78.45
8.91,83.63
5.11,70.97
2.3,25.47
11.77,100.0
10.53,80.74
8.99,82.43
3.73,45.02
6.33,59.33
1.51,39.31
0.94,27.07
11.38,94.47
5.31,57.82
3.01,45.05
9.57,95.88
6.55,68.64
8.11,74.95
1.74,27.44
5.62,70.7
5.19,65.59
3.88,59.7
2.55,40.84
10.55,100.0
9.04,92.69
6.98,92.92
3.64,50.36
7.79,86.86
5.22,76.37
0.52,31.16
7.66,79.2
8.16,78.69
11.57,100.0
10.0,100.0
1.41,40.38
4.14,48.24
1.0,55.66
1.28,32.36
5.85,76.86
2.9,48.98
1.2,42.89
7.71,84.42
11.1,100.0
9.99,100.0
1.12,50.66
3.92,49.93
0.93,25.5
5.34,51.34
11.26,86.83
2.72,51.39
8.9,73.81
6.2,57.32
6.48,73.73
10.08,92.96
4.08,56.92
4.24,35.98
8.99,77.93
2.11,31.19
1.73,40.64
5.22,63.15
5.03,65.4
3.98,65.1
3.42,79.22
10.62,94.46
5.21,68.99
4.05,63.1
9.55,90.79
10.23,88.18
8.56,92.1
11.59,100.0
1.91,46.46
5.65,60.6
9.83,75.84
11.7,97.44
2.78,57.24
9.05,97.92
2.93,40.62
5.07,64.61
9.14,99.36
9.36,100.0
1.16,29.84
3.44,50.55
11.58,100.0
7.04,66.67
7.15,89.99
3.44,38.0
5.68,69.89
3.62,61.38
2.08,46.86
3.78,60.2
6.91,56.79
6.52,72.56
6.53,74.61
4.46,61.01
5.51,55.13
10.55,96.46
11.08,95.27
10.82,100.0
3.2,45.41
7.8,79.46
9.33,89.04
4.27,55.91
5.99,82.26
10.35,100.0
8.59,88.7
8.85,84.74
1.42,35.56
1.11,22.25
8.43,85.27
7.09,78.45
2.47,44.55
0.55,26.09
3.21,60.2
7.66,85.87
4.67,61.55
7.98,94.38
2.26,46.68
7.96,96.21
1.78,40.12
10.8,100.0
3.45,47.64
0.55,40.83
9.71,89.28
4.19,60.47
5.21,64.89
2.16,38.11
2.84,66.05
5.09,71.82
3.85,53.19
6.31,77.83
3.57,56.05
5.53,62.53
0.83,50.09
6.29,77.6
7.41,83.14
10.83,100.0
8.73,92.22
1.41,45.36
4.69,62.67
9.23,91.77
8.76,88.14
1.12,25.48
0.82,34.16
6.2,80.29
5.65,79.18
2.08,45.37
3.55,46.97
4.52,67.68
9.55,85.95
3.48,44.71
9.77,82.59
10.16,80.04
3.34,66.88
10.31,97.53
1.43,16.8
4.9,55.5
1.64,27.27
4.22,64.34
3.76,49.3
9.25,84.2
10.07,100.0
4.34,71.01
4.4,52.44
11.59,100.0
2.37,37.53
5.94,75.86
7.31,79.32
8.07,83.28
2.27,38.11
4.15,68.59
2.21,41.82
9.2,99.02
8.87,97.21
9.95,85.41
5.44,63.62
0.72,36.52
10.85,91.76
1.71,40.2
3.08,52.38
0.85,22.3
5.05,60.25
8.48,87.53
11.18,98.84
6.8,69.39
1.5,28.46
10.67,99.29
1.63,42.06
2.85,47.48
3.03,60.35
10.69,99.37
5.21,60.37
10.2,100.0
6.9,80.27
6.0,77.59
9.55,100.0
2.93,44.82
3.62,45.77
10.98,100.0
7.44,63.18
4.88,57.44
7.74,92.91
9.12,83.94
8.69,92.38
6.32,64.64
7.68,98.75
3.22,50.31
6.04,75.75
10.65,88.65
11.01,100.0
0.75,40.38
3.43,48.64
3.51,58.27
4.26,56.07
3.99,59.15
3.73,50.27
5.94,65.03
3.27,41.49
8.9,91.38
0.83,33.78
11.57,99.69
2.67,60.48
10.79,100.0
8.31,82.95
10.67,93.62
5.5,73.23
4.22,58.75
7.52,72.36
2.75,45.95
5.34,69.41
6.73,74.65
1.92,51.83
9.72,100.0
5.77,85.07
6.62,67.89
8.31,83.73
10.83,98.56
2.08,41.7
2.71,48.23
1.92,39.81
11.57,100.0
5.46,55.8
8.76,87.47
2.41,50.8
11.17,100.0
1.94,42.65
8.27,86.35
0.81,35.84
10.44,100.0
4.96,61.04
7.72,86.04
7.39,88.93
2.83,65.12
5.73,64.75
0.53,40.32
9.51,94.18
5.74,70.87
3.69,50.69
5.03,63.85
5.19,68.45
2.33,45.63
4.71,57.7
8.28,93.8
6.93,76.34
11.91,100.0
9.11,89.65
10.03,93.74
2.19,38.56
6.48,76.52
3.31,49.93
3.25,41.5
4.29,66.07
7.05,73.27
5.27,53.01
5.08,62.55
4.7,55.09
11.84,100.0
5.36,55.54
11.06,98.68
11.92,94.55
7.64,68.8
11.73,100.0
12.0,100.0
9.87,100.0
8.72,80.83
3.04,51.01
2.61,36.83
1.11,48.9
3.0,49.72
6.57,60.56
5.53,67.7
9.18,85.72
3.96,72.67
7.64,88.2
4.65,53.98
3.04,55.36
9.42,95.01
3.87,52.31
6.47,69.4
3.39,49.97
7.96,74.01
2.5,48.53
1.22,33.99
7.71,79.35
6.19,67.36
7.99,76.2
1.4,54.33
9.44,93.68
1.06,42.17
11.5,100.0
11.3,100.0
9.71,87.56
4.1,43.14
7.93,70.28
11.91,100.0
8.75,75.92
8.1,66.46
0.85,35.82
0.92,35.35
7.73,93.56
5.85,56.57
6.14,78.0
2.7,29.22
4.01,66.17
10.73,100.0
4.7,53.06
11.66,100.0
2.42,47.06
6.62,77.73
7.84,81.3
8.39,93.6
9.76,98.69
9.2,82.29
9.91,87.5
1.18,31.06
1.43,45.54
2.03,48.09
2.78,50.34
8.76,85.19
6.69,68.93
8.63,88.89
7.39,84.66
6.94,81.27
2.64,60.08
10.39,100.0
9.39,88.22
9.19,100.0
11.22,100.0
5.05,65.31
5.35,67.83
5.92,72.94
4.52,55.43
6.38,66.29
7.7,80.57
7.26,74.41
2.53,24.04
8.84,92.57
1.31,23.61
2.88,51.53
5.06,60.26
10.01,90.18
3.4,58.23
10.02,88.75
7.18,69.11
8.54,87.95
3.91,57.24
11.67,100.0
7.99,75.95
1.43,33.55
9.77,96.21
5.87,71.69
10.1,100.0
8.56,84.82
11.61,98.39
10.96,100.0
8.16,100.0
9.3,100.0
1.19,29.72
9.64,98.77
8.96,87.31
11.35,100.0
9.18,87.67
7.59,72.95
9.45,79.52
7.43,81.85
6.05,61.38
11.77,100.0
6.18,67.23
1.66,41.64
1.02,33.3
4.74,59.74
5.75,64.08
6.9,76.94
1.3,41.38
6.83,86.12
11.52,100.0
9.14,85.03
8.59,90.42
6.43,79.17
10.67,95.01
1.55,35.84
9.44,73.69
8.7,98.53
4.85,62.84
6.14,80.78
2.25,32.68
0.57,15.3
4.36,60.98
4.39,52.06
6.49,73.69
4.48,53.14
10.73,100.0
2.16,41.65
9.98,93.75
6.76,77.98
3.04,46.48
10.57,95.92
6.86,84.68
1.61,39.98
10.47,100.0
3.63,57.82
7.07,77.09
8.31,88.33
9.06,100.0
8.74,95.69
10.06,84.59
9.36,73.71
2.67,40.75
6.91,56.49
6.18,49.06
2.03,35.2
5.48,58.28
9.43,92.96
5.61,70.32
5.01,79.98
5.98,63.46
7.0,70.91
9.3,92.41
10.31,100.0
3.82,53.02
3.53,46.05
4.13,35.83
10.45,100.0
10.86,98.92
4.43,71.31
10.08,100.0
6.76,89.16
11.52,100.0
7.06,83.0
10.9,90.4
6.88,78.25
4.52,56.67
10.27,100.0
4.38,54.34
9.57,90.55
6.6,66.49
4.22,72.03
5.98,69.9
10.92,93.2
3.92,52.5
1.49,29.63
10.89,100.0
1.86,51.93
3.16,51.86
6.02,71.56
9.47,80.18
11.74,100.0
2.65,46.94
3.17,66.97
11.96,100.0
6.97,79.14
10.41,100.0
4.7,66.98
3.83,54.13
10.56,100.0
2.88,51.91
3.55,53.38
4.74,52.67
4.35,68.56
2.41,46.06
3.83,58.81
2.49,45.79
6.63,75.89
8.49,82.34
6.43,92.24
1.31,53.01
7.29,82.84
8.7,88.89
2.53,51.89
6.07,62.81
11.66,100.0
10.01,94.43
5.74,64.08
3.48,47.29
2.34,39.96
1.03,40.56
3.2,51.02
6.12,63.57
6.23,73.87
2.49,47.34
5.73,66.52
5.57,77.79
9.81,91.76
11.09,91.64
11.51,100.0
6.1,61.89
10.29,100.0
7.63,84.18
1.67,38.46
1.34,42.72
7.46,75.38
8.34,80.64
7.99,68.01
6.07,53.03
7.32,74.35
8.13,96.68
8.59,76.47
2.16,43.41
5.97,63.66
4.31,62.07
6.06,62.93
5.02,61.81
1.34,41.84
9.58,88.32
6.5,71.08
10.56,96.95
1.0,40.56
1.61,45.35
1.95,48.53
10.51,100.0
6.33,63.35
9.13,86.12
1.39,43.01
9.08,89.37
1.39,45.78
10.97,91.41
6.39,64.59
11.53,98.38
7.8,82.99
7.42,73.24
2.42,38.72
7.77,83.1
9.17,86.35
7.52,70.42
8.43,87.94
10.67,98.44
8.51,89.04
7.89,85.6
6.57,67.96
5.74,64.93
8.7,85.44
10.02,100.0
8.88,87.31
1.65,48.69
3.45,48.05
7.56,79.02
7.02,85.56
11.05,90.96
11.81,96.92
10.8,100.0
7.47,84.22
8.77,94.46
10.26,100.0
2.18,52.03
4.1,52.71
0.79,35.18
7.68,84.09
11.07,92.59
0.55,23.75
1.95,38.06
2.8,55.68
9.46,97.21
4.75,50.88
2.78,43.6
4.78,56.72
3.45,52.84
3.38,53.35
7.01,75.43
8.21,76.15
3.37,60.11
6.82,82.15
0.84,27.33
11.68,100.0
1.68,48.91
6.93,77.56
11.97,100.0
4.2,53.79
3.8,65.45
8.99,80.03
5.86,74.95
3.57,66.54
7.09,70.22
10.01,100.0
8.2,89.53
3.26,46.23
8.18,84.3
11.19,100.0
2.77,44.54
8.0,78.51
6.25,48.72
8.13,70.1
2.08,40.55
3.18,49.57
4.5,63.67
10.16,100.0
4.92,76.88
4.38,63.78
9.03,100.0
2.1,49.41
4.18,67.49
6.83,68.32
4.48,62.64
7.38,85.35
7.42,85.56
2.12,40.48
2.03,42.97
9.52,82.35
5.3,67.11
2.22,36.46
1.38,46.44
5.32,66.57
10.18,100.0
2.86,53.19
11.94,100.0
0.74,41.13
7.33,78.26
8.54,73.24
6.62,82.85
3.48,47.09
4.14,64.01
6.87,78.9
10.8,100.0
5.33,65.95
4.47,61.25
5.1,64.81
11.99,100.0
3.56,52.32
2.47,48.42
10.77,100.0
1.94,39.43
10.15,97.91
7.69,69.82
11.52,98.68
4.15,43.87
10.34,95.22
1.51,42.71
9.5,97.08
4.26,47.46
5.8,73.93
9.67,85.03
7.8,77.62
5.77,63.7
3.86,67.11
9.19,91.06
5.86,84.03
3.31,59.07
5.01,60.66
9.65,95.85
1.17,48.0
4.21,50.82
8.86,84.02
7.55,78.85
5.55,63.74
2.29,42.99
1.05,49.82
5.11,64.47
8.42,82.38
3.58,50.4
10.87,90.52
7.62,85.76
5.74,62.61
9.18,100.0
3.95,59.23
10.78,95.75
4.73,51.59
0.56,30.16
11.75,100.0
6.2,65.94
10.89,100.0
1.75,46.72
2.8,52.53
6.06,73.38
10.8,100.0
1.56,35.2
6.69,64.18
9.22,77.73
4.99,59.07
5.62,71.69
11.24,100.0
6.68,65.56
8.44,91.77
8.24,76.2
10.82,91.49
4.43,51.33
6.79,69.12
2.96,48.58
4.33,48.71
9.95,82.43
11.58,100.0
4.27,59.69
9.26,93.73
6.68,79.09
8.46,85.37
4.71,74.05
4.56,58.06
2.87,48.18
6.27,80.56
1.14,40.36
10.39,96.31
3.31,51.35
7.79,71.69
6.32,76.05
4.5,57.52
11.35,100.0
10.26,100.0
8.96,94.03
1.86,44.05
5.82,70.71
7.99,82.89
1.6,53.11
8.5,70.91
9.89,90.83
11.42,98.03
6.27,73.94
0.83,33.98
2.89,49.54
9.76,100.0
2.21,46.43
7.66,86.24
8.01,79.06
5.61,61.37
9.53,84.33
1.91,53.25
7.63,71.32
4.88,58.18
10.36,100.0
5.06,65.82
2.67,47.74
4.46,57.35
6.54,63.9
1.42,42.16
10.43,100.0
7.99,75.28
4.1,53.04
7.49,91.26
11.81,100.0
7.43,84.04
5.17,80.92
8.34,77.79
9.2,89.26
8.4,77.83
2.93,32.23
0.74,44.8
4.14,61.58
5.5,63.69
10.06,98.9
1.52,35.48
10.2,85.51
1.18,32.96
4.11,51.08
5.15,55.96
11.21,100.0
11.41,97.78
0.97,28.03
2.75,49.28
5.65,70.26
3.63,66.19
11.46,100.0
7.54,68.6
4.26,50.86
7.4,85.26
8.26,78.65
10.35,100.0
10.71,100.0
5.34,53.58
9.22,78.49
11.7,100.0
6.64,72.88
8.91,94.61
6.12,57.51
4.9,66.38
2.84,46.52
1.55,27.13
4.23,55.55
4.58,63.37
7.05,89.42
8.21,78.49
8.67,91.68
9.35,80.57
7.08,84.06
6.39,72.17
7.53,90.9
8.58,75.45
10.22,87.69
3.4,39.04
10.38,100.0
2.78,44.43
0.7,20.58
9.66,87.03
3.15,56.84
10.14,100.0
4.6,63.12
4.56,49.37
10.5,96.83
9.23,74.72
1.17,25.97
11.36,100.0
2.9,55.53
8.17,81.19
11.32,89.51
10.19,88.74
6.12,66.69
11.39,100.0
8.39,79.45
3.37,40.59
11.59,96.11
7.02,68.89
4.21,53.04
5.5,63.62
2.73,62.92
7.1,71.47
7.02,59.01
2.34,52.89
5.27,58.12
3.56,47.1
10.8,95.64
2.74,50.05
7.5,79.56
7.86,84.51
7.44,75.58
4.79,61.41
3.31,42.99
0.59,25.46
2.85,43.64
9.86,90.4
3.7,40.62
6.64,63.59
3.92,64.79
1.24,46.81
5.35,77.05
11.91,100.0
5.12,69.91
4.34,71.31
7.09,80.85
4.62,57.33
3.21,48.46
4.89,64.13
10.85,100.0
2.14,42.66
2.01,40.31
9.17,89.15
2.66,41.0
2.01,60.25
3.3,55.34
10.65,83.71
11.31,100.0
11.23,96.55
4.11,54.93
10.92,100.0
1.23,44.85
6.04,68.95
6.85,76.72
5.67,65.82
11.75,100.0
9.17,89.31
5.99,62.07
8.93,77.94
9.27,90.37
1.79,38.18
4.21,58.76
4.27,61.15
11.35,94.82
10.32,97.63
3.96,50.14
11.86,100.0
1.33,31.35
4.34,56.37
2.81,42.79
6.49,66.76
10.91,98.15
9.56,82.1
0.93,46.25
3.36,56.72
9.44,88.45
3.72,56.52
9.91,87.14
7.66,80.57
8.52,73.57
8.71,86.14
7.13,77.27
2.62,44.18
9.83,99.56
6.98,69.13
8.8,88.15
0.8,39.48
2.59,50.86
7.0,75.31
9.72,100.0
4.66,66.35
9.14,94.43
0.52,27.77
1.01,37.16
8.42,80.56
11.85,100.0
4.13,59.74
4.37,52.51
4.41,65.3
7.17,85.1
5.04,58.3
4.69,61.81
9.32,100.0
0.52,33.72
10.51,100.0
9.02,100.0
11.5,100.0
10.17,86.99
9.63,85.27
3.87,56.21
9.48,97.62
7.37,71.13
4.52,43.61
9.81,98.18
6.13,68.18
11.82,100.0
8.8,80.3
10.62,100.0
10.87,99.3
7.23,66.77
10.77,92.2
7.37,74.35
6.38,60.15
11.94,100.0
8.5,94.1
8.44,91.39
11.87,100.0
7.73,87.82
0.53,34.6
8.28,86.64
7.73,66.77
8.87,93.45
11.71,100.0
8.98,90.13
11.94,100.0
9.56,83.75
11.77,100.0
5.51,53.55
3.33,47.88
6.84,72.43
10.72,94.6
10.39,100.0
8.2,76.82
5.14,65.94
3.66,55.35
0.79,33.72
5.3,68.74
6.29,73.86
11.79,100.0
7.03,85.8
7.15,75.38
5.86,72.85
0.67,26.31
3.8,47.58
8.06,83.7
8.64,100.0
11.43,94.51
6.04,60.03
8.42,78.76
9.66,89.4
9.22,90.44
1.95,50.69
10.74,98.52
9.16,94.13
8.2,83.49
2.16,39.62
11.35,100.0
8.32,87.9
2.69,48.94
7.23,87.32
2.2,45.93
1.13,36.52
8.68,77.71
8.98,82.56
6.43,74.71
2.22,46.99
4.26,70.57
1.7,36.41
3.11,55.35
1.26,37.76
8.13,66.99
9.45,82.68
6.45,74.08
8.1,80.05
2.23,39.53
10.94,100.0
7.33,76.15
1.93,44.98
6.64,79.28
5.77,64.22
10.48,100.0
9.12,81.81
1.62,30.78
7.95,90.47
1.11,47.5
6.2,76.15
10.11,90.1
2.67,44.89
7.94,74.61
5.17,56.58
1.82,43.06
10.69,96.04
8.78,96.14
3.57,41.32
2.81,44.4
4.61,50.72
8.72,76.73
11.03,100.0
6.43,84.02
0.54,36.85
0.66,38.45
3.32,56.31
9.51,92.19
2.43,21.76
7.13,58.94
0.83,39.87
4.21,37.51
8.09,93.5
8.33,90.47
0.71,36.95
2.52,49.23
3.15,55.88
3.45,47.65
4.62,74.27
9.54,89.89
1.69,33.76
3.15,64.77
6.07,70.47
9.47,94.06
9.36,100.0
1.75,58.4
6.65,72.88
7.97,82.52
5.51,54.89
10.3,97.12
1.77,54.45
6.95,69.09
8.74,79.61
11.78,93.25
0.61,23.88
8.82,76.94
4.42,58.74
9.07,91.09
6.56,56.75
9.47,94.81
2.39,55.62
11.02,100.0
4.96,56.23
9.74,99.67
3.87,51.07
2.05,34.53
4.44,47.78
8.26,71.94
11.08,99.29
6.22,75.0
4.34,44.01
11.22,87.03
9.02,97.67
5.7,59.5
8.01,99.36
3.43,55.25
6.23,59.18
5.1,70.37
3.33,59.53
1.52,26.35
3.12,48.19
9.69,100.0
9.24,77.95
5.54,69.25
10.63,100.0
2.32,60.27
8.94,98.36
9.27,87.03
1.27,26.91
10.46,95.1
9.4,91.75
5.84,67.66
6.19,66.65
7.22,69.31
6.0,78.89
1.13,34.19
5.46,59.49
10.45,99.45
6.65,74.17
3.31,51.29
10.94,100.0
5.4,57.03
2.62,48.98
7.35,85.66
2.5,42.58
7.68,80.95
8.29,88.94
2.71,51.69
4.12,56.84
7.26,67.43
3.03,42.56
9.95,94.76
8.91,85.55
2.52,43.91
7.27,73.07
7.09,62.38
4.79,65.95
8.06,74.05
5.44,77.72
5.61,88.33
5.03,68.93
7.1,79.83
0.51,28.35
7.41,70.46
1.88,39.0
3.11,58.19
9.85,94.33
3.11,37.45
7.64,85.94
3.41,48.25
11.95,100.0
11.79,100.0
4.32,51.89
10.98,97.8
10.97,100.0
2.85,44.03
4.82,71.86
2.67,41.15
3.13,61.64
6.55,62.2
6.28,62.29
5.7,71.71
2.79,59.92
6.63,70.8
11.39,100.0
4.64,52.87
8.41,76.72
3.15,50.66
9.15,100.0
7.12,74.17
11.05,89.24
1.4,19.64
8.05,81.61
5.35,69.45
4.75,57.91
4.33,59.33
10.88,94.45
3.4,61.86
7.76,84.2
0.8,24.04
11.58,100.0
9.72,100.0
8.43,84.26
6.47,53.16
4.64,56.73
5.51,61.5
8.08,60.78
6.35,74.51
10.78,100.0
4.24,52.77
10.43,90.26
3.96,53.48
2.17,39.83
1.96,41.59
3.56,56.62
11.05,88.71
9.7,89.8
8.96,100.0
4.02,54.41
2.99,49.61
4.66,62.28
8.18,75.98
2.37,33.65
6.58,90.03
4.74,60.29
9.24,81.3
7.91,87.62
2.22,40.48
4.05,48.24
9.79,88.83
10.7,88.07
6.38,62.65
10.01,100.0
2.92,49.11
5.17,60.67
7.9,90.89
0.82,40.15
6.59,68.88
10.31,84.53
2.92,43.9
0.64,43.44
7.95,73.49
8.1,98.92
3.29,48.9
4.25,46.11
4.46,54.6
1.46,50.12
9.06,83.19
2.97,52.06
9.38,96.04
7.99,76.76
1.69,48.6
9.1,99.66
2.15,49.53
8.07,67.73
1.39,40.74
7.18,81.76
5.61,72.84
6.53,86.24
9.11,90.88
8.99,88.17
1.02,19.77
2.38,35.54
11.79,100.0
5.55,56.33
9.95,92.12
6.83,60.39
9.39,88.09
1.31,28.17
6.27,73.78
9.15,88.18
5.28,66.35
8.73,73.82
10.06,93.03
9.86,100.0
2.86,22.71
10.93,95.45
7.2,75.24
2.61,52.7
9.62,96.48
3.43,56.47
4.33,60.04
5.29,69.81
6.31,69.03
2.48,44.49
10.28,86.74
9.93,92.14
4.01,53.28
11.66,100.0
1.18,28.08
1.91,43.77
9.31,87.54
3.29,51.11
2.9,56.77
0.76,33.77
4.28,49.89
1.36,39.09
7.83,88.04
0.57,35.7
5.52,70.93
10.68,88.09
6.99,82.36
4.29,53.55
1.75,31.29
11.47,100.0
0.71,22.79
6.25,72.34
4.74,72.99
9.34,85.88
7.29,69.91
11.29,100.0
11.45,100.0
8.86,94.09
5.98,53.26
6.64,66.06
11.07,100.0
8.96,81.32
9.11,85.19
11.31,100.0
4.79,62.45
10.05,93.42
9.17,68.38
4.91,65.87
9.18,80.02
1.73,48.47
0.71,44.11
10.55,89.41
11.74,100.0
5.48,78.2
4.98,75.68
3.11,57.54
11.27,98.86
3.49,55.73
7.93,73.75
9.88,100.0
5.71,69.7
11.52,100.0
4.7,40.26
9.43,86.55
2.96,44.82
6.03,65.72
8.54,75.22
3.41,55.53
10.08,88.26
11.31,100.0
3.82,51.58
6.18,66.14
0.69,28.51
5.15,67.85
7.37,80.3
2.36,37.36
11.74,81.94
2.52,43.22
6.32,64.05
0.61,33.67
3.93,48.21
9.74,95.43
5.19,54.27
10.35,99.06
9.92,92.32
5.49,73.04
2.29,43.47
9.81,98.51
11.09,99.41
3.3,49.55
1.36,33.08
10.21,85.74
7.49,79.91
3.49,52.19
2.48,58.41
6.22,73.83
11.16,100.0
2.42,61.0
8.81,89.18
3.41,43.88
7.3,75.52
5.62,74.54
7.01,75.02
2.05,52.0
10.42,94.75
11.82,100.0
6.21,77.72
5.14,68.61
9.59,94.94
2.44,47.81
1.31,43.09
8.74,86.13
6.78,82.06
7.77,75.84
0.83,59.55
10.43,99.66
8.18,76.51
1.79,28.75
8.1,75.45
11.77,100.0
3.46,48.59
11.35,100.0
11.54,100.0
10.18,87.79
6.12,67.22
5.63,62.23
4.66,58.68
9.54,82.75
2.24,43.33
6.63,57.98
6.79,75.12
11.21,100.0
10.95,99.84
6.05,62.75
7.38,77.43
8.63,87.6
6.75,59.86
3.76,62.17
2.33,43.84
6.97,79.13
5.52,78.03
3.61,43.52
4.46,51.0
0.99,28.69
6.88,75.04
1.38,30.88
1.72,34.23
9.38,100.0
1.75,39.37
8.53,88.75
6.13,77.92
3.3,63.14
7.07,64.51
6.5,75.43
10.97,100.0
11.59,100.0
5.85,62.73
4.69,57.14
7.24,78.66
1.79,42.11
6.57,70.19
1.65,35.91
3.66,52.92
9.22,87.71
9.36,92.9
5.99,63.98
11.58,97.18
2.24,41.01
4.1,54.98
7.31,86.13
5.63,63.47
7.96,64.94
1.52,57.59
8.77,96.8
2.37,50.25
3.61,57.41
2.57,47.11
8.78,100.0
0.96,26.57
11.74,100.0
4.8,67.41
3.18,69.93
4.25,57.11
6.2,82.83
3.15,54.15
9.26,82.41
9.19,81.02
7.73,90.16
10.92,91.66
8.81,85.11
2.34,58.98
3.54,45.59
5.98,73.71
4.06,72.32
5.06,75.59
5.96,75.38
9.51,86.21
6.75,88.87
10.13,100.0
7.49,79.45
0.59,25.34
11.86,89.89
2.19,47.64
5.05,59.42
0.72,21.2
6.54,80.04
8.29,86.18
3.81,50.14
11.18,99.62
2.22,49.23
11.41,100.0
9.54,85.03
2.25,52.3
1.68,39.69
1.26,30.39
7.15,75.73
3.38,52.59
11.67,100.0
1.83,47.67
9.79,75.86
4.82,51.73
0.67,41.0
8.96,90.79
7.26,69.73
3.14,46.61
4.59,73.11
2.23,25.68
2.05,53.64
7.05,84.75
6.7,69.05
2.84,46.55
3.92,58.71
11.95,100.0
4.56,63.34
6.11,79.6
2.33,40.36
0.78,35.37
7.54,82.98
3.27,48.08
9.05,88.83
3.16,62.56
4.74,44.67
7.95,84.24
8.45,80.91
4.46,50.1
8.86,86.04
6.97,78.59
9.87,100.0
9.21,84.04
9.95,100.0
3.54,64.99
1.43,41.11
0.53,39.56
4.3,62.02
5.26,69.83
3.55,45.81
2.34,55.33
5.41,69.24
4.01,71.15
0.87,42.59
10.13,89.18
6.48,81.87
2.51,57.79
4.3,66.83
7.12,74.37
1.61,37.62
6.47,83.37
8.97,82.55
2.39,53.0
6.35,72.83
10.81,95.43
8.59,83.33
5.64,62.85
0.79,39.68
11.21,97.99
11.79,100.0
9.52,90.42
3.14,53.98
7.2,85.37
9.75,81.94
6.61,76.76
11.66,100.0
7.36,76.68
0.57,33.06
3.92,68.5
11.95,100.0
11.78,100.0
11.11,100.0
2.86,60.64
3.42,56.8
7.46,93.96
0.9,30.73
10.75,100.0
6.13,66.39
8.91,64.99
7.56,85.63
4.65,53.08
10.88,100.0
3.31,49.56
6.39,81.99
5.34,54.22
8.76,74.83
8.63,98.54
5.69,76.15
4.3,59.22
2.9,36.26
1.04,44.01
5.56,86.25
0.53,30.94
4.56,56.85
11.64,99.3
8.0,86.01
5.26,63.91
11.36,91.88
11.94,100.0
9.43,99.21
4.0,47.19
10.69,100.0
9.6,100.0
7.97,88.03
5.89,54.19
3.6,58.19
3.92,46.73
6.46,55.96
6.3,73.49
5.7,54.11
9.65,90.85
3.37,61.84
1.92,46.93
2.47,44.99
7.63,87.05
0.87,36.11
4.08,62.94
2.46,55.0
0.81,27.22
11.35,100.0
4.69,59.31
10.86,100.0
6.04,70.67
11.66,100.0
2.1,40.03
4.77,65.2
3.36,46.87
9.11,92.94
3.3,57.23
6.94,70.39
2.67,44.66
1.27,42.36
10.73,99.39
9.37,95.85
9.63,92.0
11.97,100.0
10.28,94.95
1.3,40.84
3.75,63.63
5.25,50.57
11.41,100.0
0.74,31.55
8.99,81.95
1.26,34.23
2.48,55.36
3.33,59.6
5.61,61.58
10.9,89.19
10.37,100.0
4.14,60.59
11.82,97.3
1.2,39.3
1.18,40.92
6.03,74.36
4.41,54.56
10.5,100.0
0.79,33.73
10.66,100.0
3.75,56.26
9.59,97.2
0.69,34.47
11.02,99.51
10.01,96.8
7.21,83.61
10.07,92.4
9.72,95.92
10.33,100.0
8.36,79.13
11.65,95.16
7.14,68.77
8.52,83.02
5.97,68.7
11.86,89.27
0.76,19.08
8.98,94.47
3.29,40.12
8.24,88.88
2.53,56.04
4.44,34.35
8.4,88.89
5.2,64.02
8.14,80.14
7.93,84.51
1.81,41.24
8.48,89.3
3.7,68.57
5.38,67.34
6.4,61.88
4.86,72.6
3.53,61.8
2.37,56.8
7.71,83.11
9.18,96.72
2.7,63.14
7.44,77.79
2.01,38.16
7.91,92.86
3.93,52.85
4.62,69.17
8.22,79.23
5.84,64.21
5.67,69.27
3.99,58.53
9.85,88.06
3.99,68.93
7.96,78.45
1.18,43.37
10.97,94.22
11.61,100.0
2.61,42.58
5.57,67.63
1.74,42.7
5.26,66.02
10.48,98.42
7.33,85.06
2.08,50.87
11.65,100.0
6.91,76.2
1.36,42.58
4.7,66.44
2.18,48.38
10.66,96.81
5.0,60.15
6.25,71.36
10.16,100.0
7.03,67.53
1.06,29.25
1.36,35.85
2.5,47.1
8.26,78.71
7.6,76.16
4.61,53.8
4.1,60.85
1.42,23.72
1.3,38.53
7.8,75.62
9.64,93.02
6.28,72.4
8.42,61.28
5.65,75.62
1.13,43.13
0.53,45.96
9.72,99.43
10.47,100.0
11.81,100.0
4.04,68.9
8.94,77.74
9.01,87.94
8.15,75.9
9.94,100.0
11.49,100.0
2.82,61.29
8.88,88.97
5.25,62.92
10.01,93.88
10.99,95.73
11.33,87.74
9.2,89.71
11.07,98.72
1.86,38.7
1.58,31.39
5.29,65.29
8.78,79.0
9.78,95.82
10.13,94.07
2.01,40.66
8.37,72.02
6.87,77.39
2.42,52.69
5.96,67.77
9.41,86.68
2.4,50.54
10.79,100.0
2.39,42.21
1.44,61.0
4.68,70.26
9.45,100.0
9.41,94.59
10.45,100.0
2.57,39.01
3.01,47.61
2.87,49.18
2.88,54.33
5.36,60.96
11.94,100.0
8.29,93.21
4.41,59.63
11.54,100.0
6.97,76.24
0.95,31.43
1.34,38.68
6.87,55.38
2.73,55.59
3.59,57.87
4.79,70.46
7.36,76.2
11.21,100.0
1.51,49.6
11.11,88.46
5.45,51.48
4.07,58.6
3.82,43.95
4.6,58.81
5.33,63.34
5.06,60.47
10.24,100.0
4.4,63.16
3.26,56.3
11.22,100.0
9.45,100.0
0.83,45.91
6.89,69.38
7.71,84.59
2.2,38.54
4.33,56.82
2.58,46.15
1.48,28.7
6.39,56.87
1.35,29.18
5.8,72.1
6.0,47.0
7.36,82.68
10.33,80.34
0.81,28.98
2.55,42.34
8.18,89.06
5.42,65.26
2.57,38.01
2.68,42.78
2.66,49.23
11.09,100.0
4.88,63.89
7.12,75.41
7.07,73.89
9.18,100.0
6.04,62.79
4.94,58.46
8.71,89.39
4.24,67.7
1.63,26.92
11.97,100.0
11.23,100.0
5.75,69.42
8.81,72.21
9.9,88.61
4.88,60.55
2.58,49.03
2.33,35.25
10.59,96.85
11.89,100.0
5.66,62.4
11.76,100.0
5.95,64.92
5.71,55.75
3.59,50.41
7.03,73.88
4.99,68.35
10.47,91.67
11.44,93.9
8.7,82.6
5.53,58.86
4.71,65.01
11.67,100.0
8.32,71.56
7.71,84.86
0.51,32.63
11.83,100.0
4.39,61.62
6.28,79.19
2.4,38.23
11.6,100.0
10.65,99.73
5.05,63.23
9.67,92.0
11.97,100.0
10.52,100.0
1.68,41.1
1.41,44.56
4.47,70.85
6.12,61.86
3.18,66.12
2.32,53.67
3.16,41.41
11.51,100.0
9.81,93.69
2.29,54.12
5.44,57.59
10.21,100.0
3.64,45.0
6.5,69.29
3.82,49.88
11.18,92.75
6.38,62.41
4.04,51.53
8.98,86.19
3.21,45.92
3.44,44.95
11.15,81.85
10.75,97.6
2.52,61.27
1.65,53.85
10.62,100.0
5.47,62.34
9.36,94.87
4.51,55.03
1.21,34.08
1.92,43.69
5.86,76.15
9.06,84.91
10.99,96.13
4.07,56.15
5.35,52.91
8.7,93.32
8.45,92.99
9.48,100.0
9.11,95.31
6.57,67.99
9.2,87.92
5.64,59.19
9.47,94.01
5.79,84.98
1.77,33.72
9.81,98.98
2.32,56.01
6.75,65.62
8.93,100.0
7.75,75.06
6.95,74.34
11.73,100.0
3.53,60.39
6.26,77.07
9.05,86.85
11.78,100.0
3.22,32.34
0.89,31.79
9.79,100.0
7.92,75.21
5.64,71.56
11.0,100.0
11.75,100.0
4.79,56.74
5.36,60.49
6.95,74.8
4.94,48.14
5.61,77.62
3.21,42.54
10.1,90.7
5.62,61.63
10.91,98.59
9.95,97.71
6.21,80.02
2.81,50.11
0.67,46.92
3.72,51.25
9.83,99.45
6.87,81.07
9.36,92.05
1.64,46.06
9.17,81.58
11.84,100.0
0.8,41.78
2.04,44.66
10.32,94.4
4.89,68.59
4.2,48.69
10.27,100.0
10.63,100.0
11.92,100.0
3.38,51.39
7.16,87.5
1.64,45.73
6.3,58.26
10.14,85.75
4.33,54.01
6.39,80.97
8.16,94.78
1.32,36.76
3.81,58.4
4.72,62.63
11.03,82.0
8.5,94.14
7.66,91.22
3.26,33.48
10.32,89.71
3.1,49.6
9.35,90.26
3.64,62.19
11.4,100.0
1.12,32.96
1.79,47.17
10.77,94.99
2.4,43.26
7.24,79.1
4.63,64.58
7.14,71.55
7.56,94.49
5.95,70.46
6.22,70.58
8.98,94.67
2.6,41.99
8.56,88.23
0.86,16.14
9.57,78.61
5.17,60.79
8.35,80.66
2.21,41.65
11.56,100.0
11.11,100.0
10.57,100.0
9.88,90.32
9.13,97.78
0.74,37.96
5.89,58.79
2.9,38.19
1.35,39.31
8.52,94.1
11.92,100.0
11.68,89.34
5.01,70.44
3.14,59.75
7.44,76.65
2.06,52.24
9.91,100.0
10.8,93.56
7.54,76.1
10.66,96.42
2.82,57.2
10.6,92.23
4.18,54.8
6.38,81.84
11.1,100.0
6.3,79.63
9.71,85.97
2.97,53.03
1.05,32.41
11.35,100.0
11.07,100.0
9.52,97.8
6.21,69.25
3.16,51.97
0.97,39.59
10.36,95.95
10.81,100.0
3.28,43.91
8.04,73.16
6.31,57.71
6.15,69.14
6.05,76.29
6.39,75.3
1.26,22.74
3.09,53.59
3.21,51.54
5.12,62.31
4.95,64.27
11.78,100.0
11.14,100.0
8.52,95.62
4.76,76.44
6.98,80.4
6.01,64.76
4.75,71.82
10.33,87.93
9.39,98.1
8.71,78.92
4.77,56.87
5.14,73.5
4.65,55.73
8.41,93.55
8.97,93.71
9.8,93.03
7.02,81.94
3.92,60.7
9.71,94.73
7.66,75.19
11.58,100.0
4.79,59.02
2.38,45.48
10.13,99.84
0.52,33.07
2.34,47.67
7.5,81.63
8.44,87.55
3.41,53.68
0.88,47.09
6.87,71.38
9.46,88.6
11.9,97.97
4.07,38.53
4.02,61.86
8.63,90.33
9.53,100.0
3.8,43.81
1.77,35.9
3.38,47.97
3.38,67.71
6.4,79.3
2.72,46.74
1.36,39.05
11.6,100.0
7.47,70.15
0.7,37.61
8.72,78.63
2.59,47.96
5.05,68.56
6.81,76.83
8.93,82.86
11.58,100.0
3.39,58.6
0.96,32.53
2.8,37.88
4.29,55.98
3.0,45.69
5.36,63.46
5.42,65.41
11.41,100.0
11.42,100.0
5.53,73.25
4.68,65.13
10.67,100.0
8.56,86.37
10.71,96.71
5.37,67.4
0.75,23.59
3.93,46.82
2.81,54.94
7.64,75.94
7.29,72.22
1.77,33.02
9.72,96.66
8.33,74.82
5.26,73.75
5.54,67.59
5.87,54.47
8.36,80.32
6.1,61.69
10.87,100.0
7.72,84.21
4.67,56.47
9.44,86.26
7.17,79.94
2.67,42.36
8.13,93.19
10.81,94.99
5.81,70.34
7.16,60.99
1.35,41.62
1.15,32.45
3.45,54.35
11.43,100.0
1.71,39.58
4.16,37.23
8.07,66.22
10.77,100.0
11.53,97.7
7.87,71.87
1.02,44.36
5.56,64.06
10.83,100.0
4.03,63.05
0.57,30.27
11.12,100.0
10.74,90.22
8.87,90.45
2.42,45.05
8.76,98.84
1.94,48.76
3.36,50.12
0.78,29.24
2.97,47.14
10.7,99.08
9.09,94.47
8.29,91.34
7.42,68.33
3.01,40.92
1.5,41.82
3.41,42.21
10.38,96.17
6.44,57.43
1.31,35.39
3.77,50.37
5.69,63.9
2.52,40.78
1.73,44.47
6.13,76.2
10.57,100.0
3.16,47.84
5.5,62.72
9.68,87.12
7.0,69.27
7.76,78.51
8.72,84.74
9.86,91.87
1.11,38.47
7.06,81.95
1.5,34.18
2.34,42.78
1.09,40.81
2.51,47.34
10.55,91.75
2.45,36.2
0.75,39.38
3.42,43.47
9.35,93.44
6.59,64.59
6.76,87.08
8.1,73.98
4.1,70.31
9.58,97.66
6.17,80.51
4.05,65.55
3.51,56.63
11.8,100.0
9.55,100.0
6.89,71.4
6.4,72.88
7.48,68.02
0.78,34.82
1.46,43.88
7.96,76.11
8.24,84.48
10.73,97.36
7.58,76.49
9.04,93.47
7.0,82.14
5.12,57.4
5.75,53.86
11.47,100.0
11.22,94.39
10.66,95.6
7.09,69.57
2.96,56.87
1.4,55.93
10.96,96.6
1.68,57.66
4.59,60.96
9.85,91.3
2.87,57.21
9.67,100.0
3.23,49.05
9.52,89.24
8.68,100.0
3.79,61.34
4.38,36.49
4.67,58.92
7.14,70.01
10.93,96.26
6.78,74.84
5.29,60.47
5.0,59.13
2.52,62.31
8.2,70.47
6.2,71.39
10.79,100.0
6.43,60.35
11.49,95.63
5.56,57.11
6.43,78.2
2.6,38.23
9.58,95.92
0.83,25.85
2.56,36.62
4.12,60.05
10.15,100.0
7.53,68.17
4.03,47.99
11.02,100.0
10.06,87.51
0.86,26.17
3.28,42.57
8.52,87.35
10.51,77.51
9.03,100.0
10.66,100.0
1.95,52.07
0.59,31.81
5.57,60.55
1.23,41.76
8.11,73.68
11.03,100.0
5.32,59.37
7.16,85.45
4.96,68.15
2.39,41.65
1.85,39.82
8.73,79.85
10.9,100.0
4.7,64.8
2.06,43.09
10.04,92.13
3.52,52.66
9.32,99.95
8.0,88.66
4.07,59.95
6.38,66.17
4.75,56.8
1.94,46.08
3.08,46.55
7.08,70.21
9.47,100.0
1.55,40.52
2.79,49.53
0.63,29.1
11.82,100.0
1.72,47.17
4.87,63.38
1.14,25.39
6.26,66.46
7.77,84.3
6.53,73.79
8.3,91.32
2.98,46.52
11.02,100.0
9.33,97.3
2.68,46.53
5.71,73.33
0.73,20.47
10.03,87.17
10.81,100.0
6.52,78.18
4.63,65.53
9.69,99.64
4.58,66.45
1.04,27.43
8.14,94.86
5.17,69.85
11.97,97.93
6.41,60.71
1.83,44.48
9.51,85.88
11.54,100.0
1.89,39.34
4.19,44.8
6.08,62.23
8.63,82.43
8.59,85.04
7.68,85.42
10.43,91.96
8.97,91.28
0.77,32.52
11.65,100.0
10.03,76.37
8.26,79.01
9.51,79.79
9.99,99.55
1.07,44.76
7.81,83.43
2.13,59.34
3.46,53.85
9.93,100.0
6.8,70.82
3.96,57.86
2.7,38.81
6.0,65.91
1.72,48.59
4.92,61.16
10.36,94.03
4.76,59.33
6.45,75.1
11.41,100.0
4.67,47.81
3.7,53.17
5.29,62.58
4.97,59.69
11.54,100.0
0.66,37.6
2.23,53.0
9.51,77.52
0.53,23.35
5.53,66.05
8.51,73.12
1.15,40.29
4.15,49.48
3.71,52.22
6.39,61.54
7.66,71.76
9.26,100.0
1.61,36.99
3.3,61.95
9.22,88.74
10.54,100.0
4.22,50.22
1.17,40.63
2.09,38.53
9.6,69.0
2.02,21.35
2.97,47.38
2.69,51.8
5.26,57.05
7.88,71.81
2.08,38.02
5.93,80.55
11.18,87.07
6.19,74.39
6.11,77.8
8.93,76.27
6.9,66.42
5.58,62.07
10.18,89.79
2.12,50.28
2.87,48.23
11.86,100.0
3.54,54.79
1.39,47.64
2.39,41.54
11.36,96.27
2.62,53.35
6.62,85.72
8.94,99.48
0.8,40.65
3.75,52.17
8.96,93.91
3.65,57.51
4.58,64.03
6.94,74.28
9.72,100.0
4.11,63.2
2.37,34.98
0.81,40.46
3.65,45.43
8.18,83.68
11.0,99.99
6.28,74.32
2.19,39.94
7.63,76.38
1.61,36.08
1.99,38.76
2.1,32.04
11.15,100.0
7.63,74.72
0.59,36.36
11.2,100.0
4.98,65.44
2.41,50.05
8.29,73.34
6.4,70.44
7.71,81.42
5.57,60.51
3.04,44.33
0.56,36.39
8.1,92.54
6.05,73.46
5.42,70.61
7.62,81.91
6.24,85.49
11.04,100.0
8.9,94.94
11.17,100.0
3.18,53.54
7.66,79.55
10.93,88.63
9.34,77.79
4.98,79.12
9.02,89.03
7.22,69.63
3.92,51.47
8.98,79.45
1.64,40.46
1.63,35.33
2.75,52.36
2.24,56.28
10.51,100.0
3.15,50.74
11.68,100.0
1.01,47.44
1.35,28.24
5.34,57.06
7.66,75.36
7.77,70.96
1.79,45.6
6.59,69.76
2.61,39.31
3.29,55.68
3.35,51.07
3.6,56.61
10.48,98.03
9.74,89.11
2.28,36.33
8.37,88.04
3.15,43.1
0.69,42.58
1.26,40.14
9.15,89.14
8.29,77.43
6.59,85.84
1.99,40.86
9.71,97.4
6.36,66.26
7.12,85.46
9.91,97.83
3.97,64.07
4.09,63.2
1.68,40.0
4.34,51.37
9.86,94.68
7.68,74.95
3.54,50.22
3.66,67.36
7.98,89.49
10.24,99.38
5.21,69.4
0.51,40.76
11.39,100.0
10.65,99.25
7.75,81.87
0.98,40.7
5.67,83.6
3.88,46.75
1.47,40.63
5.18,60.07
6.35,90.61
6.35,67.82
3.73,64.82
3.34,57.25
9.87,98.73
1.76,50.59
6.59,76.88
6.9,73.27
2.54,62.18
0.76,26.6
6.28,57.03
6.71,68.31
2.29,51.23
0.55,29.14
6.49,73.78
0.71,42.78
5.29,70.69
9.35,94.93
10.21,100.0
7.2,78.13
7.45,87.86
2.1,46.28
6.3,83.9
3.26,60.85
9.99,96.67
4.93,72.34
7.7,88.48
9.23,97.87
5.53,70.01
11.23,95.31
6.58,70.15
3.64,62.23
10.37,100.0
8.19,72.59
0.65,28.44
3.47,37.8
9.21,80.74
8.11,88.8
6.01,65.5
11.44,100.0
4.41,71.24
8.53,73.11
4.54,61.8
3.59,57.25
2.93,53.95
1.53,49.55
1.95,53.28
2.53,52.51
3.94,49.7
11.51,100.0
2.3,63.4
5.59,59.31
2.73,48.53
5.38,69.45
0.85,34.38
3.64,57.26
3.41,56.19
6.63,83.62
0.63,33.18
6.16,70.61
1.52,56.81
10.5,100.0
5.39,63.19
9.29,82.55
10.07,96.76
4.13,62.75
9.76,93.25
6.78,64.78
9.87,85.88
9.7,89.11
2.32,46.49
8.04,85.7
5.19,73.9
0.83,30.86
3.19,45.19
2.93,36.28
6.85,67.41
4.6,58.83
2.54,44.96
9.56,91.37
2.38,47.78
9.05,86.53
8.68,75.71
2.5,48.47
8.51,88.79
8.44,79.21
8.25,100.0
11.56,85.83
11.2,91.3
5.63,62.57
4.11,52.63
1.8,34.89
4.26,60.12
7.97,91.26
10.1,100.0
2.19,46.49
6.48,85.18
2.3,33.44
10.56,97.6
11.0,100.0
1.47,37.48
1.42,38.66
10.11,94.43
5.53,61.22
4.65,51.24
11.81,98.55
10.92,98.86
3.27,54.85
3.51,57.22
11.13,100.0
11.2,83.79
5.57,59.17
5.32,55.4
9.51,91.91
1.99,43.18
4.08,53.36
1.41,47.2
2.31,41.34
2.09,44.65
4.27,62.12
9.17,93.44
11.19,100.0
2.74,58.86
2.54,52.28
6.79,81.9
8.19,85.19
9.39,92.73
6.72,67.59
10.8,84.91
2.4,36.64
5.86,55.69
2.04,42.98
11.78,95.06
11.85,100.0
7.69,72.56
9.81,93.81
7.05,74.36
11.51,100.0
9.38,98.21
6.49,84.62
5.87,68.98
8.55,71.4
2.22,52.35
5.32,80.21
1.47,36.42
5.14,74.87
11.0,100.0
6.3,72.0
8.91,87.09
1.53,35.22
1.02,33.04
2.96,35.41
9.68,94.31
3.01,50.73
2.17,49.87
8.95,87.83
7.06,79.32
2.37,63.37
6.34,79.3
3.18,49.67
4.88,63.82
6.54,72.74
11.68,100.0
4.9,57.92
2.23,53.08
8.2,86.7
10.24,75.59
9.95,98.5
3.44,47.9
10.85,93.3
2.04,43.28
2.05,45.86
9.25,100.0
8.72,87.3
6.49,65.35
8.54,84.63
3.78,58.37
11.33,96.29
5.13,61.51
9.37,78.12
10.69,89.72
6.37,68.03
0.53,39.4
9.38,83.79
11.45,97.67
3.08,49.35
11.82,98.83
1.13,33.01
8.89,80.51
11.02,100.0
11.5,100.0
0.91,47.01
11.16,100.0
9.0,100.0
10.31,89.23
7.23,78.44
3.1,31.07
8.03,92.59
8.86,92.54
3.69,51.13
6.55,88.74
9.8,100.0
9.42,100.0
4.73,73.53
8.58,86.28
10.63,92.69
10.34,85.25
1.39,47.53
4.11,41.77
3.5,51.28
5.82,81.58
2.72,50.66
2.41,35.7
9.21,83.11
5.54,76.32
3.36,43.51
2.2,40.73
4.44,47.73
9.77,93.11
7.61,74.54
9.92,100.0
9.65,84.87
11.9,100.0
0.91,17.0
8.62,96.54
2.8,57.94
3.18,48.51
1.41,40.41
9.2,93.44
1.02,45.2
7.0,62.3
2.62,39.81
9.31,100.0
4.22,66.84
1.26,42.93
11.25,100.0
3.2,57.61
